otak anies baswedan capres favorit indonesia lebih pua n ganjar prabowo dll politis cerdas sudut pandang ,positif
elektabilitas prabowo subianto lesat survei lsp susul ganjar anies,positif
terima tapi belum pilih pilih anies ganjar pilih anies ganjar pilih prabowo teta p pilih prabowo yang pilih prabowo migrasi ganjar anies 2024 hitung,positif
aja kelompok coba kau bayang anda ganjar rapat anies ap a bu jer2 kima k kek nil uh dll memuja2 ganjar,positif
survei lsp prabowo subianto terima pilih ganjar anies,positif
ganjar anies dll cfd politik silah kemas bagus,positif
sudah cocok tri umkm presiden anies baswedan ayo ngul dukung den ganjar tri umkm,positif
anies sudah dukung partaiganjar saing ganjar tu puan,positif
lembaga survey menang ganjar prabowo survey ikut 2500 orang lokasi surveynys byk daerah non mus lim dangka n voting medsos yang ikut ratus ribu voting anies menang prosentase 7090 tahu bohong survey abal2,positif
anies pribumi ahok non pribumi jokowianak turun pki ganjar agama nya ngga,positif
anies hebat saat beres jabat sempat2nya sedia nemuin gelintir bani taikers wuahahaks pokok 2024 prabowo yang presiden kalo anies gubernur ibukota ikn ganjar gubernur j,positif
pdip benarbenar kalah telak nasdem usung anies pan deklarasi ganjar capres 2024,positif
kesal lesti karna kdrt juga kesal dukung ganjar puan serang anies baswedan kiri kana n a tas karna p restasi nya yang tidak ngaca pilih tidak prestasi apa mikir,positif
libas habis ganjar anies amat bongkar sosok rising star pilpres 2024 orang jokowi,positif
sudah jilat pantat nya anies aja tidak sok keras c ircl e nya pec inta ganjar,positif
survei lsp prabowo kesan satu terima pilih ganjar anies,positif
survei capres prabowo atas susul ganjar anies,positif
prabowo kuasa medan perang anies ganjar ahy mending minggir,positif
kesan utama publik anies kenal capres kadrun pandai bicara ganjar jokowi,positif
banding anies dengan gp langit bumi ganjar hy modal citra,positif
ramai ganjar istanakita anter anies tahan kpk tuju rt kerasssss maju wo h ttpst copcqgfh dpeq,positif
kalo banjir jateng walu tenggelam tidak nyinyir bpkkan dukung bilang faktor alamtapi kalo banj ir d ki tumit p emdukung ganjar slahin anies coba namnya yang pantes ganjar suwun,positif
goblok jangan d tunjukin kamu pikir anies kek ganjar,positif
rakyat indonesia yang waras dukung anies yang dungu dukung ganjar pranowo,positif
narasi kamu bawa2 anies mulu bungul pea dukung ganjar kamu tidak bawa2 anies tolol,positif
mulan jam anggota dprri partai grindra wajar ahmad dhani berat anies capres partai nasdem elektabil anie s jauuuuuhhh bawah probowo ganjar puan maharani tidak terima,positif
survei lsp elektabilitas prabowo tinggi susul ganjar pranowo anies,positif
survei capres lsp prabowo atas susul ganjar anies,positif
semangat mas ayo dukung anies for presiden 2024 ganjar suka bokep parah puan oon nya sama mukidi     udh anies bener sudah,positif
blog prestasi ganjar ayo sebutin integrasi angkut reformasi transportasi publik jaka rta anies mel alu jaklingko brilliant yang bantah karya anies,positif
kalo banggain prestasi ganjar tidak nyndir anies sma2 prestasi poltikus ko otak cetek bangetpantesnya jadi b uzzer mca m si abu janda,positif
partai lucu  pdip dengan kuota 20 capres puan gerindra prabowo anies partai dengan kuota 20 pt lha psi bera pa ganja r orang p dip kudu izin dululah pdip  yenny sudah izin gusdurian entar dilepeh,positif
ayo sebutin kau tulis prestasi ganjar 1 anies integrasi transporta si u mum ja karta seh ingga warga jakarta mana murah ayo sebutin prestasi ganjar tunggu,positif
walopun tau hina anies aman jerat uu itetapi kalo dukung ganjartunjukin prestasi ganjarkog bisany a ny erang sonal law an maenrendah yang jawa 2 periode ganjar salah p,positif
anies baswedan ganjar pranowo usul capres dpc ppp ciamis via,positif
gerombol ijazah palsu ngedawet dukung ganjar ketar tir lihat pimpin rakyat anies cinta rakyat,positif
terima kasih mas nge tweet anies lupa ganjar ,positif
survei lsp kesan satu lekat bowo terima pilih ganjar anies,positif
survei capres lsp prabowo atas susul ganjar anies,positif
antagonis banget sih kamu dek melintir ucap anies trus naekin nama ganjar kamu sudah pasrah dek gua tau kesu lita n,positif
sy ngga suka prabowo lawan anies baswedan sy pilih yang ngga golput mudah2 an aja capres ganjar v s an ies,positif
survei capres lsp prabowo atas susul ganjar dan anies,positif
hasil survei lsp prabowo terima pilih ganjar dan anies,positif
iya2 skrg anies sudah turun jabat pd leluasa ya tampil harga yang terima ganjar kmrn knapa tidak dipublika si sibuk nya ri sala han anies hadeuuuhhh,positif
komentar warga jawa anies baswedan ganjar pranowo,positif
survei bukti prabowo sosok terima pilih ganjar anies,positif
elektabilitas prabowo subianto lesat survei lsp susul ganjar anies,positif
terima pilih ganjar anies survei lsp kesan satu lekat prabowo,positif
terima pilih ganjar anies survei lsp kesan satu lekat prabowo,positif
calon prabowo airlangga mbak puan ganjar anies erick anies yang d iserang banjir a da dimana2 jabodetabek kenapa anies yang serang,positif
terima pilih ganjar anies survei lsp kesan satu lekat prabowo,positif
elektabilitas prabowo subianto lesat survei lsp susul ganjar anies,positif
otak anies baswedan capres favorit indonesia lebih pua n ganjar prabowo dll politis cerdas sudut pandang ,positif
gasah pakai surpa surpailo orang yng kecewa dng prabowo lari calon yng dukung jokowi yng tugas par tai pdip itulogik a simpely ya labuh anies yng usung nasdem,positif
elektabilitas prabowo subianto lesat survei lsp susul ganjar anies,positif
tuju anies baswedan calon 2024 seksi reportnya prabowo calon pre siden,positif
terima tapi belum pilih pilih anies ganjar pilih anies ganjar pilih prabowo teta p pilih prabowo yang pilih prabowo migrasi ganjar anies 2024 hitung,positif
survei lsp prabowo subianto terima pilih ganjar anies,positif
kayak bakar jenggot ya prabowo deklarasi mingkem aja tanda anies sngt ditakutin pdip,positif
salah undang bos prabowo prabowo calon anies juga calon,positif
fernando dungu komitmen anies thdp prabowo komitmen beliau milu 2019 milu 2024 a w artaekono micoid read451987fernandotudinganiesakanpakaisegalacarauntukjadipresidentermasukkhianatiprabowodanrelamakanbabi,positif
belibet pilih anies perintah prabowo nyesel,positif
maaf 2 kali pilih kecewa mending bayar dengan dukung anies,positif
biarin aja mas yang seperti gin jago keok buzzer anies bela prabowo pake isu pki juga k eok ,positif
aniesgabenerpembohong prabowo aja bohong khianat,positif
lembaga survey menang ganjar prabowo survey ikut 2500 orang lokasi surveynys byk daerah non mus lim dangka n voting medsos yang ikut ratus ribu voting anies menang prosentase 7090 tahu bohong survey abal2,positif
alas usung anies baswedan bongkar loyalis prabowo nasdem nilai rezim jokowi gagal,positif
sandiaga relatif muda umur anies survei2 yang atas bagai cawapres k alo capres ra sanya ber at partai resmi calonin prabowo,positif
bijak dukung anies baswedan bangsa,positif
anies nyapres tidak beda jokowi yang boneka megawati 2024 anies boneka prabowo anies presiden ta pi a ktor dibe lakang ny a prabowo serta anjing anjing pks indonesia bangun tidur terj,positif
anies hebat saat beres jabat sempat2nya sedia nemuin gelintir bani taikers wuahahaks pokok 2024 prabowo yang presiden kalo anies gubernur ibukota ikn ganjar gubernur j,positif
prabowo anies nilai hati rakyat,positif
dengan aneka mnjegal pencapresan aniesdikatakan langgar janji kpd prabowomemang janji harus umur hidup fernando g oblo kmakan b abi mat amu provokasi kpk formula ememang alir duit anies prof romlibego,positif
sudah masuk kubu anies aja prabowo demokrat biar selamat indonesia,positif
cara2 basi untuk ganjal aniesdgn sell ingkar kpd prabowomaksudnyaselagi prabowo capresanies tidak capres enda smumeman g dibele nggu janji kiamatdipilih pilih hak warga negara,positif
seru pilpres 2024 anies vs prabowo,positif
survei lsp prabowo kesan satu terima pilih ganjar anies,positif
sok tau kali kau lae kemarin prabowo kau jilat si anies kau jilat dasar tukang jilat kau lae maksud kau ka lau anies jad i preside n ecek ecek kau jatah menteri mimpikau lae,positif
sehat kecewa bpk tapi kagum dengan jiwa legowo bpk harap bpk sedia men pena sehat ani es ruang anies pimpin ri 2024 ,positif
survei capres prabowo atas susul ganjar anies,positif
prabowo kuasa medan perang anies ganjar ahy mending minggir,positif
presidential threshold fix 20 juang black campaign anies baswedan ko k an eh i ni black campaign ganjar pranowo puan maharani prabowo subianto bena,positif
abang mending konsen aja up prabowo tidak jelek2in anies kasi loh pupuh prabowo sudah ngasih project tapi bom ab ang up,positif
kayak si dhani tim sukses prabowomending pilih anies,positif
gedabrus bengeksemua juga taukalo pilih prabowo rata2 skr pindah aniesyg pilih skr cma anggota parati grn dra s dranya ,positif
hak orang bos dukung kalo dukung anies ya monggo kalo dukung prabowo monggo dukung puan monggo g a yang mema nggilmu anjing,positif
kelompok kadrun albiadab kalo bkn bego tolol 20 thn prabowo blokir usa jam jam yono blokir tsb dibu ka yang yang anies anak buah jokowi ken lihat,positif
prabowo jangan bahas bos juang yang nya aja anies presiden insya allah,positif
prabowo vs anies prabowo rival berat anies pilpres 2024 satu lawan ahok 2017 catur politik dim ulai,positif
itu zer prabowo atas susul jago den bokep yang ke3 anies tidak serang aja prabowo anies ancam menu rut lsp h,positif
survei lsp elektabilitas prabowo tinggi susul ganjar pranowo anies,positif
survei capres lsp prabowo atas susul ganjar anies,positif
iya cari capres yang setir pemodalbukan anti oli gark i baswedan bagus bagus bagus dukung anies mermehkan gera senyap duku,positif
sulit aku nyata prabowo orang kali milu pilih prabowo unt 20 24 s aya mohon maaf kal au pilih anies,positif
partai lucu  pdip dengan kuota 20 capres puan gerindra prabowo anies partai dengan kuota 20 pt lha psi bera pa ganja r orang p dip kudu izin dululah pdip  yenny sudah izin gusdurian entar dilepeh,positif
saat jokowi pilih sandi prabowo tri nasdem surya paloh tidak dengar komplain nya nasdem pilih sikap m emil ih anies knpa tidak nerima pikir sikap nasdem dewasa terima dukung,positif
sudah tidak musuhmusuhan sudah masa teman indonesia satu prabowo indonesia prabowosubianto pra bowopresi den2024 prabowopresiden pilpres2024 mendingprabowo dekade08 indonesia jokowidodo presidenjokowi megawati aniesbaswedan,positif
lanjut prabowokami pilih anies,positif
bukti sy pilih gerindra prabowo 2014 2019 kali suara sy tidak a tersa lur pa rtai usung anies nasdem,positif
survei capres lsp prabowo atas susul ganjar anies,positif
sy ngga suka prabowo lawan anies baswedan sy pilih yang ngga golput mudah2 an aja capres ganjar v s an ies,positif
survei capres lsp prabowo atas susul ganjar dan anies,positif
dukung anies sbgian dri pndukung prabowo kalo prabowo nyapres cma sbgian p nduk ung wowo yang nyoblo s anies ya druun partai nasdem sndri pndukung jokowi yang anti anies,positif
hasil survei lsp prabowo terima pilih ganjar dan anies,positif
survei bukti prabowo sosok terima pilih ganjar anies,positif
anies baswedan rebut dukung prabowo gerindra maklum lucu,positif
elektabilitas prabowo subianto lesat survei lsp susul ganjar anies,positif
terima pilih ganjar anies survei lsp kesan satu lekat prabowo,positif
terima pilih ganjar anies survei lsp kesan satu lekat prabowo,positif
calon prabowo airlangga mbak puan ganjar anies erick anies yang d iserang banjir a da dimana2 jabodetabek kenapa anies yang serang,positif
terima pilih ganjar anies survei lsp kesan satu lekat prabowo,positif
elektabilitas prabowo subianto lesat survei lsp susul ganjar anies,positif
survei lsp elektablitas prabowo subianto atas terima dukung ganjar anies detail cmw,positif
ya mbuka beliau sbnarny anies brsama jokowi caci pndukung prabowo bahk n sbut syia h a nies lepas dri jokowi dipuja2,positif
tapi kepo akun anies ,positif
ceramah masjid deket rumah acara maulid nabi agenda presiden anies pulang rumah iring warga jak arta,positif
nila jaman ahok korupsi rajalela terus benah anies,positif
uang negara gelontor ahok citra ya tambah anies salur untu k la in,positif
anies baswedan resmi purna tugas 16 oktiber 2022 akhir kesan kepala dina s coxljaw yupct,positif
ngerasain gubernur dki hebat beliau 2 gubernur banyak kecewa terima kasih anies,positif
anies cocok kerja salon tukang rias pengantin,positif
saya ganti anies mampu saya bawah anies mohon bimbing kalo melen ceng jewer aj a,positif
pagi anies baswedan gelar acara pisah warga dki jakarta balai kota,positif
anies cocok dosen,positif
salam anies,positif
goblok yang baca anies analisis dona g lapor p ertanggungjawaban selenggara acara,positif
bikin pergub gusur ahok gusur pertamina ttd usul tari pergub anies alhamdulillah ani es terpancin g,positif
tau mana karya seni ala orang spt anies d i ja kan cap res dim a akal sehat,positif
rugi banget anies layanin sampah tolol do macem kamu ,positif
yusron had tauhid 15371 warga antre foto halte hi resmi anies,positif
pek cawapres anies 18 parpol lolos verifikasi administrasi,positif
waris anies baswedan 5 pimpin jakarta wujud adil sosial via anies gratis pa jak untuk rs da n sekolah anies jakarta aniesbaswedan anies baswedan,positif
yusron had tauhid 15371 warga antre foto halte hi resmi anies,positif
g kalau lihat rambut putri nya sih ikal banget sudah lihat belum bgmn cantik putri nya pk anies,positif
janji kampanye anies yang demo situ paham,positif
baca mas anies prestasi skrg serba balik ,positif
tapi kepo akun anies,positif
elegan banget nuduh istri selingkuh terus kawin in ajudan tidak bayang anies yang laku buat tapi tidak orang yang cerdas etika gentleman,positif
tampak laku makhluk kutuk kafir kerap jelek reputasi anies,positif
kalo dki musim hujan banjir gubernur usaha kurang banjir per ti n ormalisas i sungai keruk lumpur sungai anies usaha ngeruk lumpur sungai aja gugat warga,positif
rangkai acara lepas aniesariza balai kota dki,positif
paham mas anies,positif
jakarta darurat polusi gubernur anies baswedan sahkan pergub udara bersih cepat tandatangani petisi le wat gid,positif
dosa anies sudah tutup d osan ya sudah tutup orang2 yang maki maki mrka yang mnuduh bagai ikut dajjalhidup,positif
contoh anies pimpin yang amanahkalo yang tidak amanah mah kabur,positif
anies ya ratus milyar amblas bangun yang tidak manfaat,positif
anies ngaco bener banjir australia,positif
rawan anies baswedan garut gerak aktif pasang spanduk,positif
parameter prestasi bukti portofolio anies tidak ragu coba kandidat cek portofoli onya,positif
tidak nyambung bahas anies brave yang bilang kalo twit lura h it u p enjabaran lebar jelas gitu doang,positif
indonesia panggil 70 nasi tumpeng yogyakarta anies sukses pimpin jakarta,positif
cek cek cek n ricek anies baswedan the best,positif
emang anies ngapain aja,positif
tidak anies resmiin pos ronda,positif
pilih anies,positif
anies cocok tidak tuhan,positif
anies mantap pimpin ideal terima demo kabur  cocok aniespres iden ri2024,positif
foto potret capai anies baswedan 5 bangun jakarta,positif
lucu banget wkwkwkwkk sudah protes ampe teriak teriak eh tanya sudah bahas untung anies c uma ngomong r ileks ril eks wkwkwkwk protes w ketawa ya wkwkwk,positif
siap acara tasyakur purna tugas gubernur dki jakarta anies rasyid baswedan balai kota dki jakarta  srr,positif
barakallah tim tgupp dki ku rasa dki yang alhamdulillah bawah pimpin anies sal ah s atu yang te rbaik adl h tj jaklingko nya ,positif
dukung anies bisa kaya gin ya,positif
tugas kamu jual ngapain jual anies poles pake bedak tebel 1meter anies tetep b uruk rupa,positif
ya puas jaman anies air limpah gratis ,positif
terima kasih anies riza puas dengan hasil kerja dua moga lanjut dengan jabat gube rnur lanjut nya,positif
ikan sarden ikan sepat anies presiden ruhut rapat,positif
ekseskusinya pas pp mendklarasikan dukung pecapresan anies ormas kalu tidak dokontrol ngeri landreform al a2 p ki h idup ,positif
mo dukung joko anies iwan bule bu puan kalo bisa menc aci maki mak a sampah adab,positif
anies boneka yapto kuasa rebut rumah wanda wanda hamidah gugat wali kota jakarta pusatsoal eksekusi ru mah,positif
level anies emang camat sudirman thamrin,positif
atur nya bikin ahok yang demo anies otak kamu kudis ya,positif
kalo beneranditunggu ketemu fans gub anies yang pisah,positif
anies pimpin ngawur tanda tangan baca,positif
keren anies berani ngedatengin demo duduk dengar aspirasi ,positif
terimakasih anies,positif
to de poin aj boss dukung anies tidak muter2 gerombol usak partai akr obat prib adi,positif
otak anies baswedan capres favorit indonesia lebih pua n ganjar prabowo dll politis cerdas sudut pandang ,positif
mikirin anies bong makasih ya nama anies baswedan kibar pu n te rlewat ta npa diseb ut nama anies ,positif
acara pamit anies baswedan pusat kantor balai kota jakarta hindar jalanjalan 5ad,positif
kalo jatuh anies ya pakai otak kali biar tidak dungu rakyat tau maju ja kart a sudah sep erti,positif
kalau si demo kompetensi kapabiliti ky ya jadi kemarin anies yang ditanya2 kalo sbali knya bgmana,positif
sukses raih dasar kerja amanah yang tulus target yang dib utuh b erkolabor asi hasil bagus bangga dengan semangat raih sukses moga anies,positif
ngawur otak kamu karena anies sudah stop ya hhh,positif
nemuin demo citra tinggal lagi lengos jadi kalo tuntut ya pjgubernur yang sebenarn ya anies gamau nerima warga tradisi morning doorstop ahok tidak anies,positif
asn pemprop dki puji gubernur anies asn gantung pimpin arah anies terma suk hasil memenej s ehingga produktivitas asn dki optimal,positif
si salah anies mbak,positif
gapapalanjut terus39 okanies,positif
acara pisah anies lokasi,positif
bener anies baswedan hapus apa tulis media sosi al meng hapus malu,positif
jilat pantat anies biar kenyang,positif
warga undang acara pisah anies baswedan riza patria balai kota,positif
makassar for anies baswedan 2024 luarbiasa pagi,positif
anies politik identitas tukang ngibul jilat dusta,positif
bang anies baswedan intelektual its the best maaf jangan singkat elok baca,positif
bangun siopa anies ya,positif
video indah jabat anies yang saji anies sempat b elia u melaya ni wargan ya yang demo rendah hati loviu anies,positif
tinggal lanjutin prestasi anies,positif
ya allah mohon ridhomu anies pimpin negeri 2024 hidup rakyat dpt atas rukun an a ntar suku kemimpinan anies indonesia lbh ,positif
teeima kasih anies lan jutk an,positif
janji politik bareng niat laksana sesuai amanah yang tulus ca pres anies yang sudah bukti amanah yang tulus dpt percaya insyaallah rakyat pilih menang an,positif
program bodoh bodoh tipu anies buset indonesiacerdas,positif
tidak anies wanda rumah,positif
mas arief poyuono bayar gencar fitnah anies keluarga butuh makan m as,positif
rawan 5 anies baswedan pimpin jakarta konflik agama,positif
orang jawa pilih anies,positif
no comment bravo anies presiden ri 20242029 ,positif
terima kasih anies baswedan ,positif
wkakaka nenek goblok suka banget kamu jilat si anies,positif
gasah pakai surpa surpailo orang yng kecewa dng prabowo lari calon yng dukung jokowi yng tugas par tai pdip itulogik a simpely ya labuh anies yng usung nasdem agama juga kondisi dengan,positif
anies presiden ri 2024 kalau pasangannnya andikaapalagi lawan puansatu putar,positif
elektabilitas prabowo subianto lesat survei lsp susul ganjar anies,positif
7 prestasi yang raih anies salah satu stadion standart fifa hak karekter pe mimp in anie s,positif
berani banget ya anies,positif
reklamasi suksescuma alexis yang tutup lancar jayaanies,positif
le ria kencang anies ,positif
tuju anies baswedan calon 2024 seksi reportnya prabowo calon pre siden,positif
sepeda kayuh anies jalan balai kota henti fatmawati sempat bubuh tandatangan baju warga kump arannews comwkpgcxq0r,positif
takut serobot penggantinyaanies,positif
husnodzon bang hasrat selfi selfi background hasil karya anieskalau kemarin mal u malu ge ngsi pergi anis,positif
panies top markotopyg,positif
jamn aniesbunderan hi istana tidak bnjirhahahaha miduk midukklu begodi takar,positif
terima tapi belum pilih pilih anies ganjar pilih anies ganjar pilih prabowo teta p pilih prabowo yang pilih prabowo migrasi ganjar anies 2024 hitung,positif
bismillahpak anies presiden 2024 aamiiin,positif
anies nasdem pilih nasdem,positif
apa survey sy tidak pengaruh jadi apa hasil survey anies hasil sklipun tidak pengaruh sy bes erta klrg a s y ttp pilih aniesknp anies cerdas religius amanah demokratis bkn pki,positif
eep saifulah fatah anies baswedan hasil kerja partai gubernur moga depan  htt pstco 4kswublg 7y,positif
jelang purna tugas aniesariza kemas barangbarang ruang kerja balai kota,positif
buzerrp robot remot oleg bina ignor aja egp dukung bpk anies basewadan 2024     tcopvk2bo10fw,positif
waoo warga kota makassar jalan santai pantai losari bawa spanduk indonesia panggil anies baswedan,positif
anies sumber sumber dki jakarta 16 oktober gubernur tinggal dki jak arta,positif
cebong dukung bingung apalgi nyerang anies adu visi gagas narasi amp,positif
dukung anies suka warna orange yak,positif
bisuak anta kamu bang anies ko ka istano presiden lai jo,positif
puisi pisah anies fantasi mu anies prestasi gus stlh jangan lupa minum obat 5 warg be ncan a fi raun mi mpin jakarta rusak kota tercintaa jakarta tenggelam dala m duka 5 warga jakarta te,positif
anies bawa sial bawa runyam,positif
omong anies persis kayak susu tetangga gede empuk pulen tidak pegang  kar ya,positif
ahok simpang susun semanggi untuk hancur anies 5 th,positif
salah mas anies,positif
wakil warga jakarta ah yang asli jakarta tidak terwakilibangga dengan kerja anies,positif
tapi kenapa pake anies untuk cuci tangan bos pergub bs dibayalkan gub gga ting katan lbh b eda dengan perda,positif
anies capres 2024 nasionalis yang jiwa agam  pandai berfikir ,positif
emang sengaja pelihara saking benci foto2 anies koleksi benci islam pem benc i ulama untung aj a tidak wanita piara bentar akun ngilang,positif
tang orang ahli olah tiada salah benar nya hahaha atap halte tran sjak arta bund aran hi b ocor acara resmi gubenur anies syukur kerja tahap finishing,positif
anies baswedan tugas alhamdulillah jakarta yang acak2 jangan indonesia yang diac ak a cak diac jscukup jakarta cukupjakartasaja,positif
nga untung rugi anies level atas tedi ,positif
yang nanya anies tukang demo mesti lahir 1998 atas,positif
nih akun yang nyuruh anies buang foto wapres ,positif
biasa kamu sewa yeah anies murni mau rakyat tanpadi iming2in bayar b ungk us agama ni h yang pakai agama,positif
partai apa usung anies suara kecuali pedeipe,positif
kau bersyukurkarena anieskau uang tambah,positif
tau kalo bohong dosa itu lihat muka anies,positif
orang tidak iman tidak suka anies itu sembah bos chinamu,positif
operator nol yaa pakanies iyaaaa silah bu terima,positif
muncul akun bendera gajelas  gua ngasih sunatullah ala anies tempat tingg al g ua ,positif
terimakasih sudah bikin halte yang atap nya bocor pas resmi  tanda2 anies tidak becus  umxo kar0fe,positif
ramai acara lepas anies gubernur silah balaikota monas,positif
silaturahmi rawan anies iskandar st nasdem jalan iring menang anies baswedan,positif
mending puan maharani anies baswedan,positif
bawabawa kitab riyadushsholihin jatuh nama anies baswedan an alog i sungguhny a pas semat junjunganmujika banjir parameter hasil,positif
ouh nya kabur ya si anies ,positif
tidak karni ilyas diskak jokowi tidak host yaman rahma sarita sikat prof cipta lesmana tidak reply karung tidak najwa shihab tidak anies lan gsung dis ikat habi s kicep cewek mudakomplit dahh,positif
in syaa allah 2024 mayoritas rakyat pilih anies baswedan bagai presiden ri,positif
emang anies layan rakyat kau pikir pimpin nga protes rak yatnya,positif
anies kalo pimpin amp,positif
buzzer oonemang anies jadi gubernur demokratis intimidasi persekusi lawan politiknyahassyuu ko,positif
aja kelompok coba kau bayang anda ganjar rapat anies ap a bu jer2 kima k kek nil uh dll memuja2 ganjar,positif
buzzernya anies bayar piro,positif
anies menang dijakarta,positif
hebat anies shg orang yang waras dukung anies cm harap yang diri pki jangan pilih anies tco 9nkgcfeu am,positif
hai anies kau sudah rusak monumen nasional kau tidak tunjuk ada pohon mahoni yang ngece ri 1  h ttpst co3ryjfz qjmj,positif
pisah anies baswedan rekayasa alih lintas catat rute,positif
anies is the best tunggu tgl main biar yang tidak suka kelojot,positif
tunggu gebrak heru budi hartono anies baswedan dalam atas masalah jakarta,positif
deret janji kampanye anies realisasi,positif
survei satu alat jamin kandidat capres pilihapalah nilai sebut angka belakakeny ataa nnya nol anies ba swedan fitnahantanpa survei 85 rakyat dukung tanah air indone,positif
maaf ya dron gerombol aja yang nyambut tapi tolong bawa nama rakyat indonesia ya warga kampung tidak nal anies ap alagi sambut,positif
lho gugat walikota nya kemarin nulis anies zalim,positif
anies sudah nggak jadi gubberarti bahan bully an kurang msh jalan nih ,positif
anies tidak gubebernur tranferan henti uang tidak punyamau beli skincare untuk nutup bopeng tidak ad a la gimau me lonte waj ah amp,positif
purna tugas anies baawedan warga jakarta alhamdulillahjakarta sudah buang haj at selan jutnya in donesia jangan sampe nih panggil diacukup jakarta sajacj cukupjakartasaja,positif
ngapain survey abal rata survey open source twitter anies tempat urut atas 80 sudah lebi h cu kup wak ili rakyat indonesia yang mel k sosmed,positif
jangan2 diam2 dukung anies,positif
contoh pimpin berani hadap protes masyarakat lari respect anies,positif
anies bayar teman temanyaasyikk banget ya,positif
kamu pansos tempat aja buih si anies atur oligarki hahaha orang yang milih kebanyaka n ky k elo du ngu wkwk,positif
subhanallahini orang jikameyemu dengan banggarasa haru ri one for bang anies tex7 z269,positif
gubernur anies baswedan pagi sepeda diam lebak bulus balai kota dki total jarak tempuh anies sepanj ang 19 kilome ter http stcorx7kenfajj,positif
hasil karya anak bangsa bawah pimpin anies baswedan jakarta cantik indah pandang bundar hi patu ng t mantap hasil kerja tulus ikhlas jujur amanah kreatif,positif
pemprov dki jakarta gelar acara pisah gubernur anies baswedan wakil gubernur ahmad riza patria j abat an aniesbaswedan,positif
anies selamat apbd kantong orang2 dukung,positif
tunggu gebrak heru budi hartono atas banjir macet jakartajangan gagal warga jakarta tunggu has l rjanya ap a b aik anies,positif
anies amanah manusia baik orang baik dunia paham undang2 laknat itutapi haram dipaka i a nies kere nmemang hebat aniesallahu akbar,positif
anies tokoh cinta bineka,positif
ngeles aja kamu tong mending bg zul ketua partai anies numpang partai orang potensi kendali o liga rki seperti s i jokowi ,positif
anies baswedan pemimpinselalu ada dekat musyawarah gera ban n laha n rakyat laksana dengan yang rugi perintah dki jakartaanies insya allah 2024 presiden ri,positif
calon negara yang cerdas komunikasi dengan orang negeri hebat anies ahy presiden wakil 2024 tco 6tdk6a6a dn,positif
si bloon kalau baca berita judul nya aja yah kalau buzzer anies gitu cuman baca judul nya aja    h ttpst co8ysqoj14uo,positif
purnatugas rawan jambi gelar indonesia panggil anies baswedan presiden ri 20242029,positif
3 kampung gusur ahok bangun anies,positif
mesin atmnya anies wkwkwk kadrun2 pura2 tidak yah wkwkwk tipu,positif
segenap warga banten selatan putus dukung pilih anies presiden,positif
pagi anies baswedan adakan acara pisah warga dki jakarta balai kota,positif
kanu bisa nyerang anies coba nyerang jokowi janji jokowi mobil esemka inu sydah 2 periode sele sai mobil dasar goblok,positif
pagi anies baswedan adakan acara pisah warga dki jakarta balai kota,positif
yang orang dukung seblah yang kepo ya dki bhs2 komennya sabar maseh urus anies kemi skinan da erah mpea n thn 2024 pmmpin lagi dngerin keluh kesah warga nya demo pergub 2017 ahok dtn,positif
anies baswedan tidak ditaiktaikkan maki pake nenek kamu yntkts ggu,positif
hahahahaemang hibur anies populer hebat,positif
survei lsp prabowo subianto terima pilih ganjar anies sindonews bukanberitabiasa,positif
riza wagub anies sandiaga tweet rada2 bloon yang tuju blo on yang janji banjir da n macet jakarta beres atas presiden ya,positif
iklim toleransi anies baswedan jabat gubernur dki anies lindung ummat agama,positif
citra lawan buzzerp2 lucknut yo nda  pasti anies ijasahnya asli bongjadi anies jeniu s tidak k planga plongo,positif
ambivalen giat dijakarta nikmat pasilitas yang bangun anies baswedan yang nyinyir thd orang nya,positif
aniesanies mending elo lawak,positif
pns yang kawal kerja lubang vertikal anies ngakuuu,positif
resmiin gardu listrik bodoh yang tuntas anies,positif
pisah anies gelar jl medan merdeka selatan tutup,positif
politikus busuk yang usung politik identitas politisasi agama untuk timbul polarisasiadudomba umat cum a po litik pra ktis kampanye mk diwanti2 ulama anies wajar polarisasi spt pilkada pe,positif
emang nasdrun doank mmpu nyapresn anies,positif
3 lokasi panggung hibur acara pisah anies lengkapcepatberitanya beritaterkini beritaterkini newsupdate tc oebonxnm mf6,positif
pr anies 2024 sih jadi polri sarang pungli,positif
paham itu pakai pita berani anies resmiksn karena kerja kualitas bumn klu kualitas anies berani belak ang serap ang garan htt pstcoqbdd2altu3,positif
aseng provokator rusuh dki yang penjara kerja cina jakarta neeeeh  saking benci nya anies salur g ot d i sumbat tco1juxkl791f,positif
manuver lemah kpk advocat nusantara dukung tuntas formula e nasdem buruburu jago anies ahfu dmd ri,positif
mo nanya yang hate speech pa anies orang jakarta ap bkn,positif
ganjar anies dll cfd politik silah kemas bagus,positif
salut hajar orang percaya puji anies kek uranganny a katany a sosiolog kurang didik obyektif pakkan gelar sudah jejer,positif
ni junjung kamu kalo ngadepin warga kalo dapet kritik cekidot samain anies nih kunyah pelan2 co nn7yxjfqq f,positif
anies presiden si poltak jilat tidak ya,positif
gagal dki jakarta yang banjir alhamdulillah anies baswedan tuntas tata jak arta,positif
benci anies kumpul sahutmenyahut caci anies lihat deh profil masingmasing tau sebenarn ya,positif
aniesariza lepas lokasi 4 panggung rekayasa lalin balaikota,positif
anies cucu pahlawan pahlawan terus kakek nkri,positif
klu demokrat sm pks msh ragu usung anies,positif
bohong goblog jaman anies ya,positif
yang nyinyir anies orang dusun nggak jktjln jln jkt cm sesi wawancara debat aja setel ah i t k e dusunny a lggimana mo debat diawajar anies at rawan nggak nanggapin nggak dasar k,positif
indonesia gagal berantas kkn salah gub anies,positif
masang lampu led prestasi anies ngecat genteng separator jalan tembok trotoar ganti nam a jalan rumah sak it kota tua ganti logo ancol cat walking citatam fw hobby lebih bayar sikat habis poh,positif
kayak bakar jenggot ya prabowo deklarasi mingkem aja tanda anies sngt ditakutin pdip,positif
konflik bangsa air bangsa tanah anies lengser bangsa air menye rang tanah te rjadilah banjir,positif
salah undang bos prabowo prabowo calon anies juga calon,positif
oligarki bohong takut anies nang r akya tnya ,positif
awal sepeda gbk anies gelar pisah terima kasih jakarta rangkai acara,positif
anies baswedan visi misi yang bagus untuk negeri yang cinta anies yes yes yes,positif
anies debat demo ngotot menandatangani surat,positif
benci buta mata akal sehat si foto presiden wakil nampak foto anies buz zer2  ,positif
nggak anies yang saya ajahaters gonna hate,positif
fernando dungu komitmen anies thdp prabowo komitmen beliau milu 2019 milu 2024,positif
belibet pilih anies perintah prabowo nyesel,positif
kasi bangget orang bangun tidur tidur kerjaanya ngumpat anies buzzerp senior 20 14 b elum dpat jatah kere,positif
mantabbbb anies moga duet dengan ahy,positif
boy2 idha bag usnya anies pro kontra datengin gelintir,positif
bang anies jadi presiden jilat ,positif
hindar balai kota jalur tutup pisah aniesriza,positif
ku aaaamiin e hutsemoga mati mu tertawa termehekmehek maaf anies merde ka,positif
masyaaallah keren tgupp insyaallah anies ri 1 2024 doa rakyat indonesia ubah,positif
dukung anies penis kudu lihat ni,positif
iya bener tuanies tidak becus ngurus jakartayang becus ngurus jakarta jokowi ahok plus jarotcontohnya sekar ang indonesia urus a ma jokowi indonesia biasaluarbiasa babak bur hancur lebur,positif
gawat anies dihadang isu krusial,positif
khan prestasi si anies yang jadi kolam jakarta hujan wkwkwk,positif
dengan ambil anies nasdem pikir dpt tambah suara dukung aniestp lupa kalo nasdem cap pro cina sama usung anies pil h ca lon nya j gn pilih partai nya tambah kader loyalis juga mundur situ kiamat nasdem smakin,positif
jaman anies rumah sakit aja rumah sehat semua gak pokok jaman anies top sudah google aj a ka sih gelar ad a gubernur dunia gelar mbah google  ,positif
pandang sudah langka ya orang no 1 aja kabur kalo demo rispek anies makasih suda h seba rkan  ,positif
basi sudah banjir jadi alat serang anies tu australia banjir garagara anies jug a,positif
anies ri 1 mas ahy ri 2 indonesia martabat th 2024 st,positif
moga mbak tidak cm kritik tapi buat anies yang sudah prestasi rjan ya sebaga i gubernu r dki indonesia ayo ber sama2 baik negeri indonesia yang b,positif
anies ntar presidenkyknya dadak gila yajadi tidak sabar nunggu 2024hahahaa,positif
biar anies resin,positif
anies sepeda gbk balai kota acara pisah,positif
buzzer2 sdg gerilya jegal anies 2024 selamat buzzerrpjgn lupa bnyak2 wudhu biar hati bersih gx penuh benci htt ps tcoew6 yk59r1z,positif
juragan terima beres duduk manis ongkir tanggung satgas rencana anies,positif
mah nama kamu kasih anies kampanye gratis hahaha,positif
sudah cocok tri umkm presiden anies baswedan ayo ngul dukung den ganjar tri umkm,positif
temu bpk tidak indikasi korupsi koq paksa mencaricari salah anies rs sumber wa ras yang je las rugi negara si mulut jamban tidak proses hukum,positif
5 selesai semua sabar kau semuaanies presiden 2 024 ins yaallah a nies selesai,positif
hebat nya alm abdurahman baswedan tidak itu anies nebeng nama nya bukti kalo beliau pimpin b erku alitas b eda yang tidak mampu dkk nebeng nama kakek nya,positif
lewat liput khusus harihari anies baswedan amp,positif
dukung si anies yang jakarta sy debat dengan sudah tutup dengan keb encian th d jok owi,positif
baca berita media baca tweet anies lumayan dialog demo enta h da ri buruh maha siswa,positif
emang dukung anies bangga ada anies pola kerja yang laku kebanyaka n ka ta h ttpst cokf7odi7iiu,positif
dukung rawan anies biar mata hati buka sy kasih liput tv nasional banyak li tera si bro bi ar pinter dikit,positif
njir promosi liat keren si anies beda tukang bebek,positif
sudah kaya junjung si den siregar share n nyinyir anies kalo salah tinggal hapus     d i kasih fikiran n akal ko sesat gitu yah jalan ebong,positif
otak dongo ngomongin hukum bikin ketawa ajaloe berani sm anies kamu lapor bareskrimsebutkan p  d ilanggar halu media aja,positif
awal sepeda gbk anies gelar pisah terima kasih jakarta rangkai acara oxy z93ldg3s,positif
demo tuntut cabut pergub gusur d ibua t gubernu r nya anies wajar demo negara janji gusur semena2 tanah s,positif
survei lsp nasdem turun capreskan anies kena efek cebong vs kadrun,positif
sosok pimpin patut contoh tidak emosi rencana jelek2in dapet panggung bangga anies,positif
sih yang tidak aniesutk piagam anies dapat hariselama anggar ,positif
orang si tukang tambal ban nggak bosen nyari salah anies,positif
moga benar rasuk telinga yang membeci anies,positif
nama juga buzzerp mas apa salah anies ya korek pdhl yang janji tidak pake apbn m lh s kr b eban nega ra,positif
statement yang bilang psi tidak kursi dpr alhasil hak usung capres yang gobl ok s ih gim a anies m au menang kalo dukung udh goblok sotoy,positif
demo anies asli bayar ya,positif
yusron had tauhid 15370 gubernur anies halte hi inklusif,positif
kolaborasi nasdem warung anies sumut fokus garap laku umkm,positif
puluh harga yang draih anies dr dalam negeri kamu untuk gubernur yang prestasi kerj a mm g otak kamu ditarok mana bokong ente,positif
salah anies,positif
abis gubernur anies capres nyapres butuh dukung yang kualitas tidak butu h orang y g tidak bis a ngangkat isu nasional seperti kroco politik mending buang aja,positif
hut hebat anies anies orang ngomong ciduk minimum pakai pasal nista agama demo nya cap radikal tunggang hti fpi tidak hut demo t,positif
buzzerrp tidak mikir ya anies serang elektabilitasnya tidak ng y g simpati anies,positif
hui tgupp nasehat anies puluh 50tapi hasil engga rusak ketua dprdapalagi d igaj i dengan uang rakyat j kt apbdklu ahokjokowi 6 9 penasehatdigaji dengan uang operasional gubernurbukan u,positif
anies baswedan derajat dari mutiara nila bangun lumpur wds8,positif
kapir pembnci islam smpai kiamat ttap mmbenci islam ssuai yang allah firmankn dalam alquran mmbnci anies kedok s ejat inya kapir pe muja komunis turun mmbnci islam,positif
insya allah pasang anies menang,positif
1 kafir rekayasa veetical drain untuk cepat konsolidaai tanah anies guna untuk m esap limpa san air h ujan 2 kafir terap naturalisasi daerah yang jarang duduk bangun waduk,positif
pasang anies ahy saran realistis incar kursi menteri,positif
1 point indonesia bebas belenggu politik identitas tinggal nunggu kabar anies baswedan paka i ro mpi orang e tahan an kpk ,positif
anies lanskap anjung halte bundar hi warga kendara transjakarta ht tps tcoii pxyzvp2y,positif
panggil aniesjgn narasi klau salah tinggal baju mahal kpk selesai,positif
presiden indonesia pilih anies baswedan pikul jokowi,positif
air turun sama sama dengan turun anies,positif
anies lagi yang salah wkwkwk den den waras pora awak mu,positif
sihkamu bully anies aja kasih panggung aniescoba yang cerdas jadi anjing pelihara tu,positif
terus selesai acara pulang pulang rumah lebak bulus anies jalan pulang anies rencana menggunak an s epeda ata u ter sembari sapa masyarakat jalan bundar hotel indonesia,positif
acara pisah tajuk terima kasih jakarta anies giat puncak hadir balai kota puku l 08 00 wib p agi acar a gelar jajar pemprov dki jakarta rencana 0600 wib selesai 1100 wib,positif
gubernur dki jakarta anies baswedan awal giat pisah kepala daerah gowes sepeda min ggu 161 0 pagi i ni,positif
waras anies baswedan alhamdulillah sadar sekarangtuh meme ikut jejak anies un tuk mbali pribumi,positif
firaunby aniesb debat,positif
fitnah ujung2nya tahu seca ra tidak la ngsung sb narnya sudah membantuh dongkrak popularitas n elektabilitas anies goblok,positif
tuah anies makan korban,positif
iya nih anies tidak ributin sara agama dukung anies udh cerdas da n su bstansial,positif
anies yang suka membangongkan yang nggak,positif
sehat anies terima kasih anies,positif
minggu 1610 anies baswedan jabat gubernur dki jakarta ahmad riza patria wak il acara pisah a gelar rangkai,positif
orang tua duduk bawah yang muda2 nangkring atas emang tidak adab sudah bagus jabat jelang pensiun tem ui p endemo t unjukin 1 aja jabat bijak bagus anies,positif
aamiin ya rabbalalamiin insyaallah anies ri 1 2024,positif
zaman ahok pegawai puskesmas sgt disiplinppsu karena istri sy pegawai puskesmas jadi d i er a ahok ja m 7 sudah harus tmpt krj tidak blh tinggal ruang puskesmas lbh dr 5 menit kalau era anies brban,positif
berkah dr dukung anies,positif
sudah tau anies jabat tidak lagi bangun lrtmrtsimpang susun semanggi jalan layang pancoran jalan flyo ver pramu ka salemb a kuningan mampang rprta balai kota yang ramai warga yang keluh layan pemda karena,positif
acara lepas anies rekayasa lalin balai kota lengkapcepatberitanya beritaterkini beritaterkini newsupdate h ttpst cofqgcci eytx,positif
tidak ambisi pasudah kecewa pemilihnyadorong aja anies tum nasdem,positif
bang hater anies ,positif
manusia2 hati bersih manusia asli rasa capai kerja anies2024 anies bas wedan pre siden ins yaallah,positif
rumah eksekusi betina wanda hamida salah anies,positif
harihari terahir alam phobia dengan anies baswedan ,positif
buzzer tiada menye rang anies orang b aik jujur cari salah nya balik kpd orang yang melakukanya ken,positif
nikmat hasil kerja keras anies belagu kau kakek anies juang merdeka yang berju ang i ndonesia lahir narasi buzzerrp veteran handal akal tidak receh,positif
nyruput mikir keras itu apaasiih kekuatanny sampe banget ngefitnah ngejatohin ngehina deng an s angat ant usias yaa anies istimewa iyeesss bareng masyaallah,positif
ya alloh rakyat indonesia lindung kepada yang bibir anies tidak ter hipnotis,positif
yusron had tauhid 15369 gubernur anies bundar hi beda kaya,positif
hahah emang anies jabatanya,positif
temen bohir si anies bandar judi,positif
rugi banget anies ngelayani anak do kampus ruko wkwkwk,positif
yusron had tauhid 15369 gubernur anies bundar hi beda kaya,positif
haha tidak paham sy sm logika pimpin seperti gin syukur karena tahu yang salah resmi lha kemarin2 tidak yang cek hujan du kamu yang bocor anies syukur atap halte bundar hi bocor resmi,positif
sedih girang anies jakarta 2024 in syaa allah pindah kantor merdeka utara,positif
warta ekonomi tinggal deal duet anies baswedan andika perkasa serasi ahy legowo penting,positif
pks deklarasi anies presiden biar partai pks rasa efek domino deklaras i in i sepert i partai nasdem,positif
biarin aja mas yang seperti gin jago keok buzzer anies bela prabowo pake isu pki juga k eok ,positif
sabarnanti anies,positif
dasae buzzer kerjaanya cari kes alah an anies tidak caoe nya,positif
tugas anies baswedan selamat heru budi hartono,positif
ya alloh lindung kepada goda anies baswedan,positif
orang dirindukanorang prestasi dicintaiorang amanah bawa berkahorang jujur bawa kemakmuranj iwa amanah it u maghnet jiwa2 yang tulussehat anies,positif
twit kisah anies duet dengan ahy we will see,positif
semangat bgsalam kompak rawan sobat anies the best     ,positif
hindar balai kota jalur tutup pisah aniesriza,positif
anies cocok pasang ri 1 ri 2 thn 2024,positif
mahasiswi yang suruh copot foto pres wapres pa anies kemas barang barang gimana itu 6ltj eykky,positif
yang anies situ takut kena banjir kayak jakarta akibat anies gagal masuk air huj an kedala m tanah tidak alir air hujan sungai gorong gorong buang laut,positif
ngopi nunggu nasi bungkus aja gimana kerj a kerja k erja anies,positif
istri si anies kog tidak ingatin si anies sudah ngaco gitu yahdia lihat pas ahok gubernurmalah w aktu sala h an aknya ngefans ahoksama aja tidak suami istri gek beres,positif
rampok anies gerombol pemprov dki aneh lembaga kait soal me reka jahat lingkung an hidup menteri siti nurbaya pura pura bego,positif
nasdem gagal koalisi oligarki cekal anies moga allah swt bongkar niat jahat aniesbersamara kyat,positif
kamu yang gblk pelihara sudah tidak kaget fans jokowi bego2  tim ibukota kand ang nya ba ntul cum a jaman jokowi  untung anies bikinin persija stadion kandang ,positif
anies temu demo musyawarah cari solusi eeekenapa suka ya,positif
ahok anies sama2 bangsa indonesia asli,positif
benci alas anies rusak mindset ruhut tidak prestasi nya,positif
salah si anies,positif
jokowi anggota hormat pp minta urus pp anies anggota pp inisiatif anie s ndiri mak any jdiny anggota diel2 yapto anies pp dukung anies capres anies perintahk,positif
maaf anies tidak laden andawkwkwk,positif
ganti anies tidak cerdas2 amaaatpunya hukumlagiii,positif
musuh kau dunia anies rasyid baswedan musuh kau krepak peak,positif
yang teriak anies tidak becus ngurus dki syaraf jepit kepala,positif
banjir gubernur p anies,positif
terima kasih anies untu k 5 yan g manies moga moga moga ri 1 aamiin ya allah,positif
kau bilang si anies nasdem kacung komunis china kualat imam,positif
ngga nasdem yang tenggelam karna mau chaplin jadi anies mem part ainya si brewok,positif
salut anies berani hadap pemdemo kabur kecut,positif
hindar balai kota jalur tutup pisah aniesriza,positif
lanjut aniesuntuk pimpin rakyat indonesia 2024,positif
buzzer bau kampung banget tweet nya serang anies oposisi bisa,positif
yusron had tauhid 15368 gubernur anies halte hi warga tara,positif
16 oktober anies baswedan tanggal jabat gubernur dki jakarta,positif
anies,positif
bodoh amatsaat nya anies kelasjd capres,positif
yusron had tauhid 15368 gubernur anies halte hi warga tara,positif
kalo lonte2 hatters anies ngepost gin berat balik panikkk tidak panikkk tidak ya panik lahhh,positif
jakarta indah nyaman jalur transportasi yang integrasi modern anies next for ri1 20242029,positif
komentar warga kerja anies pimpin dki jakarta kabar petang tvone youtube,positif
150 ribu warga jakarta dukung anies maju pilpres 2024,positif
kamu ken sih to kamu jelek anies harap puan presiden ngimpi,positif
anies sj milik jakartatapi indonesiaselamat bpk presiden,positif
orang cinta orang biar juang anies baswedan insyaallah ri 1 2024 aamiin ya ra bbal alamin,positif
bong bipangkalau kamu bilang ahok gubernur karena ganti jokowi kamu bilang non pribumi tidak gubernur dkinapa elo du kung puja  ahok pilgub dki elo dendam kesumat sampe skrg karena ahok kalah lawan anies emang aneh bin gila aja cebongers,positif
yang tau sih anies cinta produk dalam negeri pake mobil esemka bagai mobil dinas,positif
anies yang bikin pertamina bangkrutpdhal ahok yang bikin majudasar kadrun kamu ted,positif
tidak anies ,positif
ko tidak karang bunga ucap terima kasih gubernur anies karang bunga yang kiri m balai ko ta sebaga i ucap terima kasih kerja gubernur anies baswedan gubernur ahok,positif
terimakasihaniesi kembang jakarta pimpin anies baswedan indonesiamemanggil anies pimpin rep ublik kam i indonesia 2024,positif
dki pimpin bpk anies rasyid baswedan nyaman indah cantik tawan jalur transportas i yang modern da n integrasi anies next for ri1,positif
woooowww yang sambut p anies jubel tidak orang nya ,positif
emang anies baswedan pribumi kejam bukaaannn,positif
level anies tahap sufi,positif
saya yang ganti anies mampu saya bawah tidak apanyalahh,positif
semangatt anies moga alloh swt ridho untuk langkah ikhtiar buzzer sudah gudang fitn ah,positif
gubernur belum yang terima demo balai kotahahhahahaahokngacirjarotngacirjoko wingacir s ekol ah kamu tidak aj a sama dengan anieshahahhahahaga level sempak merah,positif
untung kalah anies baswedan,positif
emang anies baswedan pribumi kejam bukaaannn,positif
bahaya pidana anies formula e,positif
geruduk dukung anies baswedan bh ya orang pimpin,positif
pokok masalah sih faham muter2 tapi 1 yang bikin geleng2 anies duduk bareng pendem o w alau dihu jat t etep harga dengan hadap arogan pimpin yang harga orang2 yang pimpin sa,positif
presiden ri orang indonesia asli anies tidak masuk syarat simple sj,positif
iya terima kasih anies kasih rusak jakarta pohon tebang dimonas jalan jalan sempit macet mana man a ba njir h karna s engaja pikirin air hahaha versi google gubernur bodoh,positif
dukung anies yang jebak gendang ijasah,positif
anies sadar salah yang kerja drun,positif
janji anies buyback indosat blom penuh yang bbm,positif
pakai cara2 sehat habis dengan akal hoax fitnah aja lagi nyerang ban g anies,positif
tahu warga dki yang rajin masjid bahagia gubernur anies benci anies kafir harbi simpatisan,positif
anies aja bonekawajarlah kalo ekor anjink t cowrnf8 unepx,positif
presiden ri orang indonesia asli kw model anies orang pintar tidak jajah pikir busuk yaman,positif
gembong warsono buzzer ngomong anies selesai tugas keliling indonesia kuat rawan pend ukun gnya h ttpst comtzyaxnkk2,positif
warga jakartaangkat topi kerja tgupptelah rubah wajah jakarta level kota mod ern dunia sukses anieskolaborasi kerja berkah masyarakat suka sedekah,positif
anies baswedan derajat dari mutiara nila bangun lumpur,positif
pergub ahok yang kawal anies baswedan la gi g ubernur wedan cerdas ttd jebak ahoker yang penuh benci,positif
yang anies turun pahlawan turun pki,positif
tidak ribut oh iya siapa banding anies akiaki gemar bokep,positif
alhamdulillah terimakasih anies baswedan,positif
mo mo situ anies ngaku sudah kenal ngerti soak ijazah jokowi,positif
heh saya orang batam tidak rela anies capres 2024 sumpah saya tidak yang saya anies baswedan presiden in done sia buka n c apres paham kamu,positif
elektabilitas anies dongkrak suara nasdem 2024,positif
16102022 anies baswedan gubernur dki a riza patria wakil gubernur dki bakti dki waris yang d itin ggalkan d iantarany a halte transjakarta bundar hi jis formula e rusun akuarium rusun bayam dll sila baca,positif
anies rapat japtopp langsung gercep ambil tanah,positif
demo produk anies direspon proses tinggal tunggu kesah pingin sah ya dukung anies pres den wkwkwk,positif
dueeehhhhhhhh miskin deh si tatakgak anies amiesdanedan,positif
masya allah anies amp,positif
lagi media bungkam hasil kerja nya anies,positif
anies baik identitas,positif
kantor dpp nasdem anies calon presiden,positif
sombong kuadrat anies bilang kurang cerita prestasi moreshareforum beritaterkini,positif
lindung anies fitnah berita dusta anies tim banyak tanam benih baik prestasi biark an k ami jaga hama name,positif
die hard offiside om tidak anies doang,positif
nasdem alih partai nasionalis depan isi orang2 pro khilafah kadrun oligarki hitam yang manfaat kese mpatan ka lo2 capre s anies menang,positif
tun mahathir mohammad nak anwar ibrahim anies baswedan pm malaysia presiden indonesia patut purapura ta hu p samb o naj ib tun m buzzerrp taja cebong bots ,positif
anies siap kursi ri1,positif
anies sudah habis olah tidak cerita yang kerja,positif
yang presiden ri orang indonesia asli anies junjung tidak masuk kriteria,positif
ahhh duobol anies bersih gubernur bagus bangun maju wes pokok nya cocok banget p resi den raky atnya pas ti makmur sejahterahuraaa,positif
anies serba asli no palsu2,positif
gareng dki pembeci anies darah mu kumat reng,positif
anies yang,positif
sabtu sore tgl 15 okt 2022 demo bijak ahok demo mint hapus anis proses ak an d ilanjutka n pj gubernur demo paksa anies ttd nyata anies bodoh kayak ahok,positif
gila sih anies diskusi kayak gin kabur,positif
kemarin gagal nyaleg kenapa yang dukung anies gagal nyaleg mas har usnya jangan jdikn or ang yang gagal nyaleg jadi urus aja gagal dki merosot dukung aniessama ky,positif
sakit hati sebab biduan alexis yang bubar anies ,positif
kamu pikir ahok pribumi asli mending anies kakek juang nasional mak bpknya profesor buang jauh2 benci kamu me nengok pe rjalanan hidup kamu yang ngikut kmana yang memangmending kamu sudahin dengki yang sudah2 bilamana,positif
cebong ngarepnya puas ranjang sih tidak layan anies wkwkwk,positif
anies harus baik indonesia pasca jokowi pimpin spt hutang negara 7123 trilyun sih polarisasi satu lagi bersih kkn sist em meri ntahan yang sistem milu yang luber kuat angkat senjata,positif
anies sudah dukung partaiganjar saing ganjar tu puan,positif
ahli anies buzzernya sama2 suka berita hoax omongkosong sama2 suka lempar tanggungjawab karakte r seorg p emimpin cermin dr dukung,positif
hahaaa anies eng bisa krjaknpa kamu takut,positif
anies gentle hadap demo langsung lho ridu demo demo lari kandang bebek  ,positif
anies mantan aktif ugm asli ijazah asli asli takut demo palsu2 nga cir lihat tidak ng demo,positif
anies yang cinta warga buka pihak balkot tutup rapat adu warga,positif
adam jarnasmya anies,positif
purna tugas anies baswedan bagai gubernur jakartasebagai warga jakarta terima kasih sudah 5 thn me mimp in jakart a men indonesia panggil anies unt menggemban amanah terimakasihanies,positif
anies baswedan resmi halte transjakarta bundar hi tempovideo,positif
alhamdulillah anies top hadap dengan tenang kali pimpin yang langsung hadap demo tidak kabur pi ntu k andang bebek anies layak ri1,positif
bingung  karna banyak prestasi anies baswedan gubernur ng omon g dib ayar sete acara sesuai tema titip,positif
tidak percaya bpk bukti lukas enembe dapet wtp untun ketangkep korupsi    emang bis a percaya bpk yang ngasih sekian kali wtp anies dengan lebih bayar boros d,positif
tedjauhhhhh level kamu sama anies baswedanhahahhahaart aja kamu belm pilih,positif
pisah anies gelar jl medan merdeka selatan tutup,positif
ganti anies tinggal ambil untung,positif
anies emang pimpin keren berani sambut langsung dialog dengan demo tidak pake ngacir pintu,positif
orang sibuk ngurusin aniesampun dechurus kader aja kacau,positif
