datetime;username;content
2022-10-15 23:59:35+00:00;jayas_sakti;@abu_waras Kalo Ganjar gimana ya ,, https://t.co/zVyZsXtYT8
2022-10-15 23:58:49+00:00;WirabumiBre;@_riverheaven Saya sampaikan mbak Biar nanti gandeng ganjar pranowo
2022-10-15 23:58:31+00:00;teguhwi65167709;@ganjarpranowo P.Ganjar, sehat selalu dan salam sehat utk masyarakat semarang serta masyarakat ( Jateng )ğŸ‘
2022-10-15 23:58:13+00:00;von_edison;@WadyaIrbar @marlina_idha bandingkan dgn GANJAR
2022-10-15 23:58:07+00:00;alifaltama;@HanifAllRole @Suga33372220 @ganjarpranowo Saya ikut fakta, mana yg bener dan salah. Pak Ganjar cuma di fitnah isu ektp sama nazarudin.
2022-10-15 23:57:19+00:00;DharWid;@_ekokuntadhi Lagi gibahin Ganjar lu Ko???
2022-10-15 23:57:05+00:00;mangbudi84;@_ekokuntadhi Ngomongin siapa sih, ganjar?
2022-10-15 23:55:38+00:00;Asdin28812169;@kangngabei Jualan pak ganjar... Pak anis jdi presiden https://t.co/pLhDvIuSQW
2022-10-15 23:55:04+00:00;ImanTangankanan;@febridiansyah Cocoknya Ganjar itu ya dengan Setnov. Republik EKTP
2022-10-15 23:54:06+00:00;SaheerKahn;@TeddGus @aniesbaswedan Emang ada prestasi ganjar? Sebutin 1 aja.... prestasi yg membagongkan kan cuma nonton bokep... ğŸ˜ğŸ˜
2022-10-15 23:50:05+00:00;ImanTangankanan;@Rakyat_Recehan Waow Ngebokep. Itu Ganjar bangit
2022-10-15 23:49:49+00:00;Manggurasi;Seharusnya yang menjadi pertanyaan di otakmu itu adalah: Kenapa Anies Baswedan bisa menjadi CAPRES terfavorit di indonesia melebihi dari Puan, ganjar, prabowo dll? ini yang seharusnya seorang politisi yang cerdas melihat diri sudut pandang ini. ğŸ¤£ğŸ¤£ https://t.co/vPtZgctjz2
2022-10-15 23:48:27+00:00;chenggur2;@TeddGus @aniesbaswedan Prestasi Ganjar apa?ğŸ¤­ğŸ¤­
2022-10-15 23:48:20+00:00;Ojoklalenya;@01Negeriku Hanya ini yg paling bisa bagi Ganjar. beruntung jika @Gerindra  mengambilnya sekarang...â€¼
2022-10-15 23:47:41+00:00;JAckBianto;@bachrum_achmadi Itu strategi psi untuk menggerogoti suara pdip pendukung ganjar dan yeni. Yakinlah suara pdip 2024 di parlemen akan melorot digerogoti psi.
2022-10-15 23:46:25+00:00;bukansupermie;@soepardi801 @M45Broo_ Kelanjutannya gmn? Apakah sudah diusut bahwa benar Ganjar menerima 500rb USD?
2022-10-15 23:46:18+00:00;headofhakims;@Uki23 Hoaaaah, udah banyak, yang penting jangan ganjar lah yah
2022-10-15 23:46:10+00:00;SarminaUsman;@SangPejuank @Urrangawak @ganjarpranowo Itu aja dulu ğŸ¤£ğŸ¤£ğŸ¤£ ganjar nol prestasi https://t.co/6sjYsatSZF
2022-10-15 23:45:17+00:00;Hemdaninovic;@_ekokuntadhi Ganjar Pranowo
2022-10-15 23:44:56+00:00;OposisiCerdas;Elektabilitas Prabowo Subianto Melesat Menurut Survei LSP, Disusul Ganjar dan Anies
2022-10-15 23:44:02+00:00;Rasto62663071;@wulandari_erian @RK_Lamongan @_RiuRizkiUtomo Ganjar yes
2022-10-15 23:43:37+00:00;UkiSanukri4;@liputan6dotcom Di terima tp kan blm tentu jadi pilihan Karena pemilih Anies dan Ganjar akan memilih Anies dan Ganjar , pemilih Prabowo tetap pemilih Prabowo ,justru yg bakal terjadi itu pemilih Prabowo akan migrasi ke Ganjar dan Anies di 2024 ! Hitungan 
2022-10-15 23:42:51+00:00;Mohamma60226545;@JulBayur3 Apik pak Ganjar yoh
2022-10-15 23:39:24+00:00;Sugan10030349;@ganjarpranowo Assallam mu allaekum wr wb?Semoga pak ganjar memenangkan capres 2024?Ammin ya robbal al ammin?
2022-10-15 23:38:55+00:00;jetsilvers;@detikcom Jauhan tim nya Ganjar, jauh jauh dari Semarang ke Jakarta buat keliling jalan santai. Lah semarang kebanjiran malah gak diurus ğŸ˜†ğŸ˜†ğŸ˜† kenapa gak main prahu gethek dengan bangga. 
2022-10-15 23:37:26+00:00;katumbiri13;@aLy_Bima Kl post video anis buzzer menderita, kl post video ganjar kadrun menderita....kasian para pendukung pada menderita. Anis sm Ganjar menderita gak yaa? ğŸ¤”
2022-10-15 23:35:55+00:00;breaking_bad__4;@Uki23 Ooo ganjar pingin nyapres juga? Monggo wae. Diajukan oleh partai apa? PSI.
2022-10-15 23:35:09+00:00;DiraAndirasta;@tjahjo1008 @DreamBott @aribowos @PartaiSocmed Lah sama aja dengan kelompokmu. Coba kau bayangkan seandainya ganjar merapat ke anies? Apa bujer2 kimak kek niluh dll itu masih akan memuja2 ganjar?
2022-10-15 23:33:15+00:00;breaking_bad__4;@arifin34533 Ooo ganjar pingin jadi presiden juga?  Monggo wae mas. Diajukan oleh partai apa? PSI. 
2022-10-15 23:33:04+00:00;PatihGaj_Ahmada;@ChusnulCh__ @ganjarpranowo @aniesbaswedan Jebulnya dirimu akun buzzer nya ganjar to... Kasihan banget kamu, miskin literasi luuuh. Atau dapat bayaran jadi timses nya si genjer genjer yg mantan PKI itu yaaa
2022-10-15 23:32:43+00:00;Ameeranti;@bowo_1987 @CutSarina5 @Miduk17 @mahasiswigenz @psi_id Gak kapok2 dilepehin Ganjar, Ada Wadas, Eko Kuntadhi juga, PSI lebih apes, PSI Apasih? PSSI kali? Duh bong Ganjarist @Miduk17 Cs cukup mereka. ğŸ˜ŠğŸ˜ŠğŸ˜†ğŸ¤£
2022-10-15 23:31:54+00:00;Rozijambak;@TeddGus @aniesbaswedan Sebenarnya ada juga benarnya kata kata lu. Tapi lu cuma anak DO, tanpa prestasi pula hidupnya, jadi nilai yg lu sampaikan gk meyakinkan. Apalagi ditambah lu memuja Ganjar dan Jokowi yg kalau memakai logika lu juga gk ada prestasi, 
2022-10-15 23:31:09+00:00;TriSam96008644;@ganjarpranowo Silaturakhmi yg Allah sukai, bsa bertambah sodara mendapat do'a dan tawadu sma guru2,yg Alim. Semoga sehat trs pak ganjar.ğŸ¤²
2022-10-15 23:28:20+00:00;AdhizBuana;Justru lebih COCOK kalo duet Ganjar dan Giring dan jadinya GARING dah tuh...! ğŸ¤£ğŸ¤£ğŸ¤£ https://t.co/57JV3AZ6xS
2022-10-15 23:27:24+00:00;sitinur94665599;@M45Broo_ Ingat ganjar ingat ektp Nanti jdi provinsi miskin jgn sampeğŸ¤£ğŸ¤£
2022-10-15 23:26:58+00:00;geloraco;Hasil Survei Capres 2024 Terbaru, dari Prabowo Subianto Hingga Ganjar Pranowo
2022-10-15 23:25:43+00:00;nur_willy;Setau saya kalo demo ya bawa poster, spanduk, kenapa risih dengan itu lek Ganjar? Itukan bukan gas air mata kok https://t.co/kzlnkjf7w2
2022-10-15 23:24:13+00:00;SINDOnews;Survei LSP: Prabowo Subianto Diterima Baik oleh Pemilih Ganjar dan Anies
2022-10-15 23:23:07+00:00;Interisti_in;@geloraco Dah lah dah ketebak sebenarnya KIB mau nyalonin Ganjar kan? Ga usah pura pura terlalu lemah dramanya ET ga kuat , cuma kuat di PG doang
2022-10-15 23:21:32+00:00;Bambang_Budimab;@OposisiCerdas Bp Prabowo Subianto dan Bp Ganjar Pranowo dua Negarawan WNI Asli yg berpeluang besar Pimpin NKRI.
2022-10-15 23:20:04+00:00;Bebque__;@OposisiCerdas PSI ini lama-lama kaya sekumpulan bocah maen, serampangan banget. Kemaren Ganjar, sekarang Yenny. ğŸ˜…ğŸ˜…ğŸ˜…
2022-10-15 23:19:45+00:00;djokopr19694147;@OposisiCerdas Sekalian pilih ganjar ğŸ˜
2022-10-15 23:19:35+00:00;OnlyFrens;Boleh, Mau Ganjar, Anies dll CFD politik silahkan asal kemasan bagus. https://t.co/z55WWbhgGs
2022-10-15 23:19:12+00:00;p4piKRiS;@hustle_man01 @SatuDaya @detikcom Asal jangan blunder aja 2024 nanti kekeuh ngajuin Puan bukan Ganjar.... ğŸ˜…
2022-10-15 23:18:38+00:00;toaguasa;@Wongkuno2B Waduh....kok gak ada nyalahin pak ganjar.. kalo DKI banjir pasti salahx pak anis
2022-10-15 23:16:36+00:00;geloraco;DPC PPP Wilayah Mataraman Deklarasi Ganjar Capres 2024
2022-10-15 23:16:05+00:00;AhmadSh28630668;@cobeh2021 Apa yg dilakukan pk Ganjar sudah sangat2 tepat , hitung2nganya Partai PSI hanya menjadikan reputasi dia anjlok,
2022-10-15 23:15:56+00:00;DCeduk;@berlianidris @panca66 Semakin berkembang : Ganjar No Anis Yes, nih kecuali dari parpol dominan warna merah
2022-10-15 23:15:27+00:00;kellyrudi;@yusuf_dumdum Prestasi ganjar ngak keluar2 beritanya, malah banjir meluas berhari2
2022-10-15 23:15:12+00:00;herrycho_12;@anggiedwidowati Ganjar Ok
2022-10-15 23:14:50+00:00;Krissbee19;PDI Perjuangan hingga kini belum menentukan capres 2024. Hanya saja, simbol Banteng kini diwakili Puan Maharani, bukan Ganjar Pranowo yg diminta fokus menjadi Gubernur Jawa Tengah. https://t.co/8lzwYhBsit
2022-10-15 23:13:27+00:00;Zyanpatra;Mak-Mak hingga Komunitas Bajaj di Jakarta Dukung Ganjar Pranowo Maju di PilpresÂ 2024 https://t.co/v7UGzdX7KI
2022-10-15 23:13:02+00:00;mbahjam95479029;@di_dimu54412940 Ganjar capresnya dan Giring cawapresnya  mantap ha ha ha
2022-10-15 23:12:11+00:00;NovyPras;@kurawa salam buat ganjar dan puan maharani https://t.co/qeY50JkdID
2022-10-15 23:12:10+00:00;minyaieo;@GanjaranApp Hehehe Pak Ganjar seneng bgt #GanjaranApp #GanjarKita
2022-10-15 23:11:58+00:00;mariaan_anna;Ganjar dan Olly telah terlihat tiba di KPK dan masuk ke ruang pemeriksaan.
2022-10-15 23:10:52+00:00;baqulsosis;Direktur Utama Kedai Kopi Hendri Satrio ingatkan peranan Puan Maharani dalam karier politik Ganjar Pranowo &amp
2022-10-15 23:10:02+00:00;WartaEkonomi;Siapapun Pasangannya Puan Gak akan Kasih Kemenangan, PDIP Gak Usah Maksain, Mending Usung Ganjar https://t.co/8xz8vN3TKZ
2022-10-15 23:09:51+00:00;SunnahRasulLove;@ChusnulCh__ Udah Cocok jadi Mentri UMKM di Bawah Presiden Anies Baswedan... Ayo Ngul Dukung Den Ganjar jadi Mentri UMKM
2022-10-15 23:09:14+00:00;minyaieo;@GanjaranApp Bisa dilihat bgt dari kinerja pak ganjar #GanjaranApp #GanjarKita
2022-10-15 23:09:07+00:00;Lie54ngPencerah;@ChusnulCh__ @ganjarpranowo @aniesbaswedan Ya jelas beda bos, yg demo dpn pak ganjar tarifnya murah.
2022-10-15 23:08:02+00:00;jpnncom;Mak-mak mendeklarasikan dukungan kepada Ganjar Pranowo untuk maju pada 2024 mendatang. #GanjarPranowo https://t.co/J8leddHXGA
2022-10-15 23:07:59+00:00;anggiedwidowati;Ganjar iya, Yenny no. ğŸ˜ğŸ˜ğŸ˜ https://t.co/JHYjLFgroo
2022-10-15 23:07:20+00:00;minyaieo;@GanjaranApp Mantap sekali deh! Pak Ganjar aku padamu ğŸ«¶ğŸ» #GanjaranApp #GanjarKita
2022-10-15 23:07:03+00:00;GiriHaryoto;@OposisiCerdas psi sedang memperlihatkan kebodohannya yang nyata, mencalonkan Ganjar ybs tidak diberi tahu,  mencalonkan Yeni ybs juga tidak diberi tahu.
2022-10-15 23:06:48+00:00;yunianitasari82;@ganjarpranowo nggih leres pak ganjar...lare  kulo smp negeri nggih di tarik uang pembangunan 600rb,niki pun kls 9 ditarik maleh 150rb.kulo mung kuli pak ganjaar.arto sak monten nggih katah sangetğŸ˜ŠğŸ˜ŠğŸ™ğŸ™
2022-10-15 23:06:26+00:00;minyaieo;@GanjaranApp Pak Ganjar top markotop sekali! Semangat buat kita yang dukung pak ganjar #GanjaranApp #GanjarKita
2022-10-15 23:05:31+00:00;minyaieo;@GanjaranApp Ayo bu kasih lampu hijau Ganjar maju #GanjaranApp #GanjarKita
2022-10-15 23:01:19+00:00;syalalalafiq;@registaco Ganjar pranowo kalo misal gagal nyaper karna kalah dari anak hokage mending jadi ketum PSSI, pendekatan politik nya lumayan bagus tapi perlu di dampingin orang orang bola asli kayak mantan pemain atau praktisi tata kelola sepak bola
2022-10-15 22:56:33+00:00;minyaieo;@GanjaranApp Memang Pak Ganjar itu selalu deh buat hal yg baru #GanjaranApp #GanjarKita
2022-10-15 22:52:10+00:00;HalimRudianto;@ChusnulCh__ @ganjarpranowo @aniesbaswedan Ya beda kelas lah.. pak ganjar ini mirip pak jkwi, pemimpin yg betul2 merakyat dan berasal dr bawah. Jd mengerti betul cara pendekatan kepd rakyat kecil. Bukan hanya pandai memoles kata2 mutiara dan nasehat2 surg
2022-10-15 22:49:48+00:00;UmyHisyam;@Dnok_Ayu Beliau .. bisa berteman berkumpul dng siapa saja . Dng anak2 sayang.. dng yg sepuh mnghormati.. dng yg muda bisa merangkul..Yg penting ttp sopan santun sebagai pemimpin mnghargai siapapun..Berkah kagem pak Ganjar ğŸŒ¹ğŸ‡®ğŸ‡©
2022-10-15 22:46:27+00:00;RadaKalih;Panutan Pak Ganjar https://t.co/Jb1GFESNiL
2022-10-15 22:44:52+00:00;Ugi7498;@detikcom Jadinya capres dari PDIP siapa nih. Ganjar atau Puan. Kok paling dielu2kan di medsos dan byk promos diri itu Ganjar. Apa Ganjar yg dipilih partai PDIP.
2022-10-15 22:41:55+00:00;jokongiskhan;@ChusnulCh__ @ganjarpranowo Ada yang bisa sebutkan 10 saja prestasi pak ganjar baik Dari dalam maupun luar? Katanya sih hebat.
2022-10-15 22:40:23+00:00;afmardani;@ChusnulCh__ @ganjarpranowo Ganjar hebat.. tinggal menunggu siapa yg bakal meminang jadi capres atau cawapres.. oh sudah ya? Dari PSI partai bro dan sis itu? Bersyukur akhirnya ada partai yg deklarasi. Manstab.. lanjutkeun.
2022-10-15 22:39:01+00:00;Ojoklalenya;"@PartBurungGalak Pas sih tdk...Tapi jika mega dan pdip msh spt saat ini...seolah tdk butuh Ganjar dan trs main """"detik2 terakhir""""....mk ini yg paling pasâ˜ï¸â€¼pengusung Ganjar sdh muak dg sikap PDIP yg acuh tp butuh kekuasaan di istanaâ˜ï¸â˜ï¸"
2022-10-15 22:37:17+00:00;detikcom;Relawan 'Sedherek Ganjar Pranowo Gunungkidul' mendeklarasikan dukungan untuk Ganjar maju menjadi Presiden RI 2024 https://t.co/GeF5p3fH0S
2022-10-15 22:36:05+00:00;PNgorang;@ganjarpranowo Pak Ganjar, selama pak guru dan kepala sekolah punya kewenangan untuk melakukan apa saja kpd muridnya selama itulah ia menyalahgunakan kewenangannya (abuse of power). Kontrol muridnya dan ortunya perlu digalakkan.
2022-10-15 22:36:00+00:00;bangZhack86;@febridiansyah E-KTP Ganjar bgaimana broâ“
2022-10-15 22:33:31+00:00;Messi_Ozil7;@aLy_Bima Panter pemujanya ga ada yg ngajuin dia capres cawapres,beralih ke ganjarğŸ¤£
2022-10-15 22:33:24+00:00;PenikmatHibura2;@gomez_siahaan @iqbal_farabi Maksudnya pak Ganjar kabur saat petani kendeng datang kok
2022-10-15 22:32:35+00:00;Miftah79066543;@Uki23 Ini juga prestasinya oum ganjar.... https://t.co/CIXi4pmpuy
2022-10-15 22:30:53+00:00;PenikmatHibura2;@BeniPrime Ganjar disamperin petani kendeng malah kabur
2022-10-15 22:29:35+00:00;SINDOnews;Srikandi Ganjar Ingin Perempuan Kalteng Sehat, Mandiri dan Pintar Rawat Diri
2022-10-15 22:28:38+00:00;Yunardi_Pito;@ChusnulCh__ @ganjarpranowo Anies sdh didukung partai,ganjar ? Saingan Ganjar tu Puan... https://t.co/4rHck7Fhdi
2022-10-15 22:28:35+00:00;Ugi7498;@ChusnulCh__ @msaid_didu Hahahaha jgn Dimata temen saat kecilnya. Kenyataan yg skrg aja. BUMN malah engap2, gak jelas strateginya. Kelihatannya yg bikin konten mau mensandingkan Ganjar sama Erick nih. Wah keren..jebur masuk sumur.
2022-10-15 22:28:32+00:00;signorguruh;@ganjarpranowo Ono aeee...tetap sehat dan sukses slalu pak Ganjar. Aamiin
2022-10-15 22:28:12+00:00;EagleReaper01;@psi_id bro sis, ganjar tuh doyan film bokep. para sista gak risih dukung dia? apa jadinya kalo presiden kita hobinya liat film bokep? .. gile lu dro .. pilih capres yg lain aja bro sis
2022-10-15 22:21:23+00:00;SevenEl43262934;@sayacutricky @aniesbaswedan Gak ke ikn? Biar pak ganjar aja yg ke istana baru di ikn. Bravo pak ganjar next presiden.
2022-10-15 22:19:55+00:00;Nasehatindah73;Lembaga survey yang memenangkan pak Ganjar dan pak Prabowo hanya survey di ikuti 2.500 orang, dan lokasi surveynys byk di daerah non muslim, sedangkan voting di medsos yg di ikuti oleh ratusan ribu voting, Pak Anies menang dengan prosentase 70-90%, ketahuan bohongnya survey Abal2
2022-10-15 22:17:19+00:00;Ugi7498;@ChusnulCh__ @ganjarpranowo Ganjar, capres dari partai mana. Klo PDIP, apa udah dpt restu Ketum PDIP. Ato memang lagi promo diri, biar laku sama partai lain. Wah..bakal seru. Anis-Ganjar-Puan. 3 capres yg seru di 2024.
2022-10-15 22:16:49+00:00;s_erfa;@berlianidris @Rosianna766Hi @DonAdam68 @febridiansyah Bagaimana kalo P Dokter aja berpasangan sama P Ganjar
2022-10-15 22:14:03+00:00;rnpranata78;@psi_id Ane dukung GARING = Ganjar Giring jd Capres Cawapres dr Psi ğŸ˜ƒ
2022-10-15 22:13:39+00:00;jraharja76;@RenataLevel42 @66Hasto @puanmaharani_ri @Arioplbg @AGoeci @BungNanda @Dargomb33306384 @dewi_darmawati @heal_da_w0rld @ShenRu013 @ArSunantoaris @Minietweets_ @ellenmine1 @vita_AVP @ninealaine @wiena_kinasih @Demast1 @dien722 @Ajiek_Dewa78 @SonnyIswara @yu
2022-10-15 22:09:10+00:00;Achmadbinyahya1;@Subur0204 Prestasi GANJAR apa, prestasi YENI WAHID apa, ko kelihatannya tidak ada
2022-10-15 22:05:00+00:00;Ugi7498;@OposisiCerdas PDIP msh galau. Antara Ganjar atau Puan. Semua momentumnya sama. Puan kapan lagi mau jd presiden. Cucu Presiden....masak kalah sama Ganjar. Emang siapa Ganjar.
2022-10-15 22:04:24+00:00;Azhari89456519;@Mars_Sahsa Den Ganjar...dimana?
2022-10-15 22:02:20+00:00;sennsendy88;@ganjarpranowo Pak Ganjar tolong pindah partai dan maju PRESIDEN. Saya dulu dukung banteng, alm om saya juga pengurus banteng Purworejo, tapi sekarang saya malas lihatnya. Yang tukang bakso, yang bagi kaos cemberut, dll.
2022-10-15 22:00:53+00:00;Ugi7498;@OposisiCerdas Khan ada Bu Mega, tinggal tentukan siapa capres PDIP. Ganjar ato Bu Puan. Gitu aja kok repot. Semua pilihan ini, berkonsekuensi kok.
2022-10-15 21:56:37+00:00;pecintabakkara;@ChusnulCh__ @ganjarpranowo Real  Ganjar  dipersiapkan Oligarki Untuk Pilpres 2024
2022-10-15 21:54:49+00:00;barisan_ganjar;@ganjarpranowo Selalu full senyum
2022-10-15 21:47:09+00:00;kipandanalas;@psi_id Dukung Ganjar tapi yang penting Ganjar bisa bagi waktu antara begadang nonton situs porno &amp
2022-10-15 21:45:00+00:00;SINDOnews;Ganjar Pranowo Dapat Dukungan Ratusan Santri di Sumut Jadi Presiden 2024
2022-10-15 21:42:07+00:00;fadlyhendra11;@GasTrusss @soebiro @yusuf_dumdum anies pribumi ahok non pribumi jokowi.anak keturunan pki ganjar agama nya ngga jelas
2022-10-15 21:40:16+00:00;fadlyhendra11;@OSyaefurrochman @Miduk17 jokowi 8 tahun jadi presiden minim prestasi.ganjar 9 tahun jdi gubernur.nol.prestasi kedua anak didik megawati ini.memang ngga ada punya prestasi #jkwsengsarakanrakyat
2022-10-15 21:33:37+00:00;Pamelia1_;@GanjaranApp Banyak masyarakat yg dukung pak ganjar
2022-10-15 21:33:05+00:00;Tessa1__;@GanjaranApp Serius deh Pak ganjar itu terbaik
2022-10-15 21:32:36+00:00;Leigha1_;@GanjaranApp Pokoknya cuma pak ganjar terbaik deh
2022-10-15 21:32:10+00:00;Mihawkykn;@GanjaranApp Jelas Pak ganjar itu sosok pemimpin bagi siapapun
2022-10-15 21:31:39+00:00;Georgeni1_;@GanjaranApp Pak ganjar terbaik deh pokoknya
2022-10-15 21:31:15+00:00;avakorutt;@fajaralam9 @detikcom Jangan2 plot twist tiba2 mereka eks HTI dan FPi dukung puan dan ganjar, chuakkzzss. Buzzerp mingkem lgsg.
2022-10-15 21:31:10+00:00;Eleonor1_;@GanjaranApp Pokoknya Pak ganjar itu pasti di sambut dmn pun
2022-10-15 21:30:41+00:00;Lyndsay1_;@GanjaranApp Bukti banyak yang cinta pak ganjar
2022-10-15 21:30:06+00:00;Maegan1_;@GanjaranApp Dimanapun pak ganjar itu di sambut loh
2022-10-15 21:29:43+00:00;Asia1___;@GanjaranApp Siapa sih yang gak kenal pak ganjar
2022-10-15 21:29:20+00:00;Daniella1__;@GanjaranApp Jelas dong, pak ganjar itu di sambut dimana mana loh
2022-10-15 21:28:15+00:00;Tessa1__;@GanjaranApp Ya cuma pak ganjar yg serius mikirin rakyat
2022-10-15 21:27:48+00:00;Leigha1_;@GanjaranApp Pokoknya the best deh Pak ganjar
2022-10-15 21:27:27+00:00;Mihawkykn;@GanjaranApp Solusi Pak ganjar itu biasanya mantap
2022-10-15 21:26:58+00:00;Georgeni1_;@GanjaranApp Gak usah khawatir, pak ganjar selalu punya solusi
2022-10-15 21:26:30+00:00;Eleonor1_;@GanjaranApp Alhamdulillah sehat terus pak ganjar
2022-10-15 21:26:06+00:00;Lyndsay1_;@GanjaranApp Cuma pak ganjar yang begini looh  kampanye...
2022-10-15 21:25:39+00:00;Maegan1_;@GanjaranApp Pak ganjar sehat terus pokoknya
2022-10-15 21:25:31+00:00;joko_wijongos;@Pencerah___ Anies memang hebat disaat mau beres menjabat masih sempat2nya bersedia nemuin segelintir bani taikers wuahahaks.. pokoknya 2024 prabowo yg bakal jadi presiden, kalo anies jadi gubernur lagi di ibukota baru IKN sedangkan ganjar jadi gubernur j
2022-10-15 21:24:36+00:00;Daniella1__;@GanjaranApp Mantap pak ganjar selalu memberikan penghormatan
2022-10-15 21:24:02+00:00;Pamelia1_;@GanjaranApp The best pokoknya pak ganjar itu
2022-10-15 21:23:35+00:00;Tessa1__;@GanjaranApp Semangat pokoknya Pak ganjar
2022-10-15 21:23:12+00:00;Leigha1_;@GanjaranApp Semangat pak ganjar tolak beras impor
2022-10-15 21:22:16+00:00;Mihawkykn;@GanjaranApp Mantap Pak ganjar emang peduli petani
2022-10-15 21:22:03+00:00;getih_gen1;@Wongkuno2B Ganjar terlalu kesima nonton bokepnya sampai lupa kalo Semarang masih Jawa Tengah
2022-10-15 21:20:54+00:00;Sampit_id;Srikandi Ganjar Ingin Perempuan Kalteng Mandiri dan Pintar MerawatÂ Diri https://t.co/rJPupN45A3
2022-10-15 21:19:00+00:00;Pamelia1_;@GanjaranApp Emang cuma pak ganjar sih terbaik
2022-10-15 21:18:37+00:00;Tessa1__;@GanjaranApp Mantap deh pak ganjar terbaik sih
2022-10-15 21:18:12+00:00;Leigha1_;@GanjaranApp Pokoknya pak ganjar terbaik deh
2022-10-15 21:15:55+00:00;VillianIyux;@detikcom Mantaf PDIP apa lagi klo mencapreskan ganjar makin josss
2022-10-15 21:12:27+00:00;tjandra_alwi;Dalam demokrasi usul spt ini biasa..anda bantah juga gpp!! Yg penting pak Ganjar penerus pak Jokowi..cukup jakarta yg rusak jangan Indonesia!! https://t.co/PhUtbwRlmu
2022-10-15 21:10:57+00:00;Georgeni1_;@GanjaranApp Percaya deh sama pak ganjar pokoknya
2022-10-15 21:02:31+00:00;Rizal98424059;@motekar84 @PakdeAgustinus @Dennysiregar7 Benar sekali bro. Gubernur tanpa prestasi Ganjar Pranowo ambisi mau jadi presiden
2022-10-15 21:01:27+00:00;_rakyatjelata;@OposisiCerdas @Giring_Ganesha partai mu gak punya kursi diparlemen, ngapain luu deklarasikan pak Ganjar segala, pak Ganjar ya gak mau PSI itu gak ada pengaruhnya apa2, beda sama Nasdem, luu lama2 ky orang stres...
2022-10-15 21:01:06+00:00;Rizal98424059;@PakdeAgustinus @Paviliun0231 @Dennysiregar7 Pantesan penggemar lendir kayak dek bokep Ganjar
2022-10-15 20:54:30+00:00;joko_wijongos;@agussusilo789 @RafliPadang @Ameeranti Iya betul sama kayak si ahok dan si ganjar.. kalo mau yg jauh dari oligarki maka pilihlah gatot nurmantyo cuma resiko nya begundal2 pki karbitan bakal dibinasakan supaya bangsa ini bersih dari sampah2
2022-10-15 20:45:38+00:00;Mutiara33816254;@FirzaHusain Pendukung Ganjar bisa Ndak bisa sebutkan prestasi Ganjar? Silahkan dukung Ganjar tapi TDK usahain diwilayah sara ya. Dilarang UU!!!!
2022-10-15 20:43:19+00:00;Mutiara33816254;@Tita83079013 Tidak laku kampanyemu. Zamannya jual gagasan /ide. Kalau mau jual Ganjar silahkan tapi TDK usah main sara!
2022-10-15 20:35:27+00:00;Lulu081180;@hipohan Tapi bisa jadi ini adalah strategi mereka untuk menarik simpati pendukung Ganjar supaya beralih ke psi untuk mendongkrak elektabilitas partainya ğŸ¤”
2022-10-15 20:33:25+00:00;SINDOnews;Banyak Program Pengembangan Pendidikan di Pesantren, Ganjar Didukung Santri Sumut Presiden 2024
2022-10-15 20:24:03+00:00;oncomsunda81;@psi_id Ganjar - Giring jadi nya GaRing
2022-10-15 20:20:01+00:00;WartaEkonomi;PDIP Benar-benar Kalah Telak! Setelah Nasdem Usung Anies, PAN Kini Deklarasikan Ganjar Sebagai Capres 2024 https://t.co/AjSwqNTX0F
2022-10-15 20:19:09+00:00;alasleuser;Maa, af Pak ganjar yaa... m
2022-10-15 20:18:18+00:00;Suharto91638148;@ChusnulCh__ @ganjarpranowo Semua takut karena Anis Uda dideklarasikan oleh partai..sedang Ganjar dideklarasikan oleh orang nggak punya partai..masuk akal nggak ya.. prestasi Ganjar sama Anis jauhlah.. https://t.co/TCWl30EFv4
2022-10-15 20:17:24+00:00;OnFucker;@arifin34533 Mendingan gak punya prestasi daripada punya prestasi seperti ganjar pranowo ditambah lagi agama juga gk punya . https://t.co/ryYpiKgJ25
2022-10-15 20:12:12+00:00;Karinbahary2;@kangdede78 @aniesbaswedan Bacot Mulu eluh kaya banci. Kalo menurut eluh Ganjar lebih baik lebih hebat. Kenapa gak fokus sma dia aja. Gak usah menjatuhkan lawan. Perpolitik secara sehat lah
2022-10-15 20:10:05+00:00;NurulmaulidaMa1;@ganjarpranowo pak saya minta perlindungan dan keamanan pak menyangkut materil... Karena terjerat pinjol pak.. Sekarang ditambah ditipu berjedok joki pinjol pak.. Pak saya hanya rakyat kecil yg sedang menderita pak... Tolongpak ganjar
2022-10-15 20:09:58+00:00;Mas_Broo80;@febridiansyah Ganjar - Mahfud MD
2022-10-15 20:08:02+00:00;zulhier;Selain saya kesal sama lesti karna KDRT. saya jga kesal sama pendukung Ganjar dan Puan. Mereka serang pak anies baswedan. Dari kiri kanan. Atas bawah. Karna prestasi nya yg begitu banyak. tapi mereka gak ngaca kalau pilihan mereka itu gak punya prestasi apapun. Mikir dong kalian
2022-10-15 19:57:27+00:00;AnsyariAli1;@BosPurwa @msaid_didu @psi_id Sadis jg Ganjar menghina PSI.
2022-10-15 19:47:58+00:00;detikcom;Ganjar dinilai sebagai sosok yang banyak disukai para kader PPP lantaran memiliki sikap tegas terhadap penyelewengan. https://t.co/BGUGLwk7S1
2022-10-15 19:36:15+00:00;jawapos;Banyak Program Pengembangan Pendidikan Di Pesantren, Ratusan Santri Sumut Dukung Ganjar Jadi Presiden 2024Â  https://t.co/Ny6yO9lFht
2022-10-15 19:32:02+00:00;OnFucker;@Candra4smara Pendukung ganjar pranowo bau komunis . https://t.co/5Nm4diw0bO
2022-10-15 19:30:47+00:00;bendacair12;Tegas!! Jiwa nasionalis dan anti korupsi dari pak Jokowi adalah berkah yang dimiliki oleh bangsa Indonesia yang akann diteruskan tentunya oleh sang Ganjar Pranowo
2022-10-15 19:26:54+00:00;dasamocca;Ganjar mulai menarik diri dari bursa,kira kira setelah ada pembicaraan ttt
2022-10-15 19:26:13+00:00;Sampit_id;Gelar Seminar dan Beuty Class, Srikandi Ganjar Ingin Perempuan Kalteng Sehat, Mandiri, dan Pintar RawatÂ Diri https://t.co/tfQDS3xkNA
2022-10-15 19:23:36+00:00;Azhari89456519;@Karinbahary2 Den Ganjar mana? Baru maen sosmed?
2022-10-15 19:21:39+00:00;Asept911;@Subur0204 Selamat utk pak Ganjar GASS POOLLL.....
2022-10-15 19:21:28+00:00;OnFucker;@Tita83079013 Pilih capres yg punya 5 prestasi kebanggaannya dan hobi nonton bokep . Hanya penggemar2 bokep dan otak mesum yg dukung ganjar . Buah jatuh tdk jauh dari pohonnya , kalo otak mesum gemar bokep jangan2 profesi orangtuanya jadi germo . https://
2022-10-15 19:21:08+00:00;cahgemblung1468;@ardikuncoro99 @DelishaDelisha1 @LokaJayah @ekowboy2 Yang suruh pilih ganjar sapa, gw aja blm tentu pilih dia kok, dari masalah jokowi kok ke ganjar, yang oon sapaaa...ğŸ¤£ğŸ¤£ğŸ¤£
2022-10-15 19:13:08+00:00;BobLuhut;@ChusnulCh__ @ganjarpranowo Siap, Puan-Ganjar memang pas
2022-10-15 19:11:47+00:00;Ophtha6;@psi_id Ditolak. Ganjar, di tolak yenni, gak punya kursi di DPR, gak bisa calon ini presiden, Tapi tetap gak punya malu, rahasianya apa?
2022-10-15 19:05:51+00:00;AndiAhm51949669;@epangindaheng1 @M45Broo_ Gw juga yes..ganjar is the best..ğŸ‘ğŸ‘
2022-10-15 18:58:33+00:00;OnFucker;@ChusnulCh__ @ganjarpranowo Paling2 pendukungnya tdk lebih dari para pemain bokep sesuai dgn hobi ganjar pranowo .
2022-10-15 18:57:28+00:00;abijar53335395;Yess ganjar RI1 https://t.co/iZ2bjCLvP0
2022-10-15 18:47:11+00:00;WqKusuma2;@OposisiCerdas CUMA TERKEJUT YA BU..APA BUKAN TAK KENAL SIAPA DIA..PAK GANJAR BILANG BEGITU LHO
2022-10-15 18:46:26+00:00;PutunMy;Libas Habis Ganjar sampai Anies, Pengamat Bongkar Sosok Rising Star di Pilpres 2024, Orang Dekat Jokowi Juga!
2022-10-15 18:39:13+00:00;bangiru65599430;@Kang_Ngibull @wahyudi72020 @WRistiono @Wwn0303 @Gandawan @ganjarpranowo udah.. jilat pantat nya anies aja sana.. ga usah sok keras di circle nya pecinta pak ganjar...
2022-10-15 18:34:31+00:00;bianca25090809;@BiLLRaY2019 Bukan Ganjar walaupun berambut putih, Keturunan Jawa tapi beliau lah CaPres 2024....ğŸ™‚ feeling gw
2022-10-15 18:33:01+00:00;Jogja_Menyapa;Akan jadi transaksional antara Ganjar dan Jokowi... Dan sepertinya akan menjadi berat Langkah Anis Baswedan. https://t.co/C92zMSEzaw
2022-10-15 18:30:22+00:00;TeweL0101;Pro dan kontra itu pasti selalu ada, Tapi yg bisa ngadepin pendemo langsung turun tanpa jarak cuma ada di Jawa Tengah. Wadas sudah terbukti, kini Demak jd saksi ğŸ«°ğŸ‡®ğŸ‡©. Gubernurku ter ğŸ«° se Indonesia ğŸ¥° #Ganjar https://t.co/hprwPY4vET
2022-10-15 18:29:04+00:00;liputan6dotcom;Survei LSP: Prabowo Punya Kesan Pemersatu, Diterima Pemilih Ganjar dan Anies https://t.co/UNGSSfHP7g
2022-10-15 18:27:06+00:00;Nanang162;@republikaonline Naaah ap kan gw bil.. Psti usung ganjar.... Biasalah sandirwara mngkin
2022-10-15 18:20:43+00:00;Zyanpatra;Srikandi Ganjar Ingin Perempuan Kalteng Mandiri dan Pintar MerawatÂ Diri https://t.co/Nfi37Jo72m
2022-10-15 18:19:08+00:00;Ridho02026883;@febridiansyah Ganjar Ama giring ...pas itu
2022-10-15 18:18:55+00:00;Zyanpatra;DPC PPP Wilayah Mataraman Mendeklarasikan Ganjar Pranowo CapresÂ 2024 https://t.co/w8CPmOqbhS
2022-10-15 18:17:38+00:00;MediaAcehOnline;Survei Capres: Prabowo Teratas, Disusul Ganjar dan Anies
2022-10-15 18:17:03+00:00;jpnncom;Sukarelawan Srikandi Ganjar menggelar seminar kesehatan dan kecantikan di Kotawaringin Timur, Kalimantan Tengah (Kalteng). #SrikandiGanjar https://t.co/e8abOSznKd
2022-10-15 18:16:31+00:00;epangindaheng1;Aku sih yesss Ganjar RI 1 https://t.co/CUosqqTkL7
2022-10-15 18:12:34+00:00;budakospek;pak ganjar pranowo lagi ngapain ya sekarang
2022-10-15 18:10:02+00:00;WartaEkonomi;Prabowo Kuasai Medan Perang! Anies, Ganjar, dan AHY Mending Minggir https://t.co/o0ark0QpId
2022-10-15 18:09:16+00:00;RenataLevel42;@moh_aak @wiena_kinasih @66Hasto @puanmaharani_ri @Arioplbg @AGoeci @BungNanda @Dargomb33306384 @dewi_darmawati @heal_da_w0rld @ShenRu013 @ArSunantoaris @Minietweets_ @ellenmine1 @vita_AVP @ninealaine @Demast1 @dien722 @Ajiek_Dewa78 @SonnyIswara @yudhapat
2022-10-15 18:07:44+00:00;tarwotowsg96;@rudiatsyah Waduh...Pak Ganjar Tanpa ada Pengawalan
2022-10-15 18:03:56+00:00;DahonoB;@Paltiwest Tapi tetap menolak tuntutan pendemo dengan alasan Hak Demokrasi diri sendiri sedangkan pendemo nuntut hak demokrasinya ber- ramai2..BEDA dengan Ganjar di demo malah pendemo diajak musyawarah .jadinya damai.. https://t.co/kIgz8Ls8t5
2022-10-15 18:03:01+00:00;pak_ewin;@CNNIndonesia Banyak yang sakit hati ya disini melihat partainya jokowi dan prabowo melesat jauh meninggalkan yang lain. Hasil survei gak percaya. Tapi ijazah palsu dari omongan orang gak waras malah percaya. Semoga pdo terus berkuasa lanjutkan pemerintah
2022-10-15 17:55:58+00:00;Raul_Saddam;@firzahusainInc Sekarang sebutkan capres yg lebih baik dari pak anis.. dari pak ganjar.. pak prabowo pak ahy sampai bu puan. Pak ganjar gak masuk hitungan.. karena udah terbukti hoby bokep. Mau emang presidennya hoby nonton bokep ?
2022-10-15 17:54:07+00:00;lengchai_santui;@RyaWiedy @jokowi Pengganti nya ya pak ganjar lah ..siapa lagi coba !! Kandidat terkuat dan berprestasi saat ini...jika dibanding dgn wan itu tu ğŸ¤ª
2022-10-15 17:53:50+00:00;BromocorahGrCeb;@AMYU_AMIN @Uki23 Pak Ganjar jujur dng kemanusiaannya. Yang penting tidak menyebarkan. Coba cari berita yg benar ttg angka2 kemiskinan Jateng vs DKI
2022-10-15 17:52:46+00:00;SINDOnews;Wong Gunungkidul Dukung Ganjar Pranowo Presiden 2024
2022-10-15 17:52:26+00:00;Onel_JRH;@Hanifah08968558 @detikcom PDIP kayaknya malah nambah krn efek Jokowi dan Ganjar.
2022-10-15 17:51:02+00:00;loveskarage;@GanjaranApp Waduh semangat sekali pendukung pak ganjar  #GanjaranApp #GanjarKita
2022-10-15 17:50:13+00:00;JooCatto;@GanjaranApp Emang top markotop pak ganjar  #GanjaranApp #GanjarKita
2022-10-15 17:49:58+00:00;cagubnyinyir2;Kesan Utama Publik ke Anies dikenal sebagai capres kadrun, pandai bicara. Ganjar Mirip Jokowi.
2022-10-15 17:49:44+00:00;Solid01;Iki pak Ganjar ğŸ˜ https://t.co/HYXgIrfxea
2022-10-15 17:49:35+00:00;BromocorahGrCeb;@hendra0201 @AMYU_AMIN @Uki23 Ganjar jujur. Kamu yg munafiq. Kan yg penting tidak menyebarkan. Kan yg penting tidak memperkisa santri kaya Ky4i2 Kadrun.
2022-10-15 17:43:36+00:00;myshabrina1;@OposisiCerdas ga diakui ganjar trus ke yenny... ğŸ˜‚ partai khusus memdowngrade citra seseorang...
2022-10-15 17:43:16+00:00;YONeal1;@MARQUEZ__93 Yakin kah bu mega pilih Ganjar ?? Krn Di bernafsu ingin anaknya jd president .. kalaupun jd capres nya  ganjar juga gak pantas .. gak ada prestasi Kasihan GP
2022-10-15 17:40:49+00:00;k_homb;@benuaandin @_PointBroo @RonnyYulianto7 @seroja_merah @SerigalaHorny @AyamSegar3 @BatuKepla @Cupidlucky2 @NasDem @tatakujiyati @Mdy_Asmara1701 @ekowboy2 @marlina_idha Ganteng bgt lu anggap gak pantas jd presiden..? Jd knp lu dukung Ganjar dan Jokowi yg le
2022-10-15 17:38:21+00:00;Zyanpatra;DPW PAN NTT Sepakat Usung Ganjar Pranowo Sebagai CapresÂ 2024 https://t.co/wmbhc2AjSg
2022-10-15 17:36:03+00:00;jpnncom;DPW PAN NTT mendukung Ganjar Pranowo untuk bisa diusung sebagai calon presiden (capres) pada 2024 nanti. #DPWPANNTT https://t.co/FU14NKDcgf
2022-10-15 17:34:25+00:00;s4yu71;@ChusnulCh__ @ganjarpranowo Makin hancur elektabilitas pak ganjar hadeuuuh
2022-10-15 17:33:39+00:00;CakraAjiPS;@ChusnulCh__ @ganjarpranowo pengen tau aja nanti ganjar dilepas warga jateng seperti apa
2022-10-15 17:31:58+00:00;muria_cahaya;@ChusnulCh__ @ganjarpranowo @aniesbaswedan Bandingkan Anies dg GP bagai langit dan bumi, Ganjar hy modal pencitraan
2022-10-15 17:30:10+00:00;4ndiwen;@eedo_realman @felixsiauw Bumi dan langit kalo sama ganjar, fakta jujur 1000% ora drama
2022-10-15 17:29:55+00:00;KUNING76027279;@febridiansyah Kalo disurvei pasti Popularitas Ferdi Sambo jauhhhh diatas Ganjar dan Yeni. Nanti kalo menang perkara uda tinggal ikut bantu cari elektabilitasnya aja lagi. ğŸ˜†
2022-10-15 17:29:50+00:00;ZFArdR;@firzahusainInc Wajar mpof itu taikers, kalau yg nilai partainya sendiri? Ganjar ğŸ˜‚ğŸ¤£ https://t.co/98JjJ8tjIk
2022-10-15 17:29:04+00:00;rnpranata78;@hipohan Mari gaungkan Ganjar dan Giring jd Capres Cawapres dr @psi_id disingkan menjadi GARING = Ganjar Giring gmn menurut kau nul cinul @ChusnulCh__
2022-10-15 17:28:52+00:00;Michell64772779;PDI Perjuangan hingga kini belum menentukan capres 2024. Hanya saja, simbol Banteng kini diwakili Puan Maharani, bukan Ganjar Pranowo yg diminta fokus menjadi Gubernur Jawa Tengah. https://t.co/pDWgb1SSw4
2022-10-15 17:27:11+00:00;KartaSahli;@mumungwisnu_1 @ekowboy2 SayANG TUKANG SURVEINYA KELOMPOK SI BOTAK Ahoker. Jgnkan Ganjar maling BANSOS AJA TERBAIK
2022-10-15 17:26:47+00:00;fadlyhendra11;@Tommyleewijaya2 @abu_waras YG NGGA PUNYA PRESTASI ITU GANJAR PRANOWO DAN JOKOWI SAMA2 BONEKA MEGAWATI ANTEK OLIGARKI
2022-10-15 17:23:01+00:00;iwan_kurus_lagi;@Gamaudungu Program ganjar tidak didukung sebagian masyarakat
2022-10-15 17:21:12+00:00;adi2576;@febridiansyah GANJAR feat KUAT MAKRUF  keknya kuat kemistrinya
2022-10-15 17:20:39+00:00;ilham_asyura;@febridiansyah Bukannya pak Ganjar Ndak apa itu PSI? ğŸ—¿
2022-10-15 17:18:53+00:00;muhammad_hanaf1;@OposisiCerdas Main catut nama orang. Sama kayak den ganjar kmrn cuma jadi bahan ketawaan
2022-10-15 17:18:41+00:00;fadlyhendra11;@KaleciPlayer @UmmiSayati @hendry_martien @sutanmangara suruh ganjar tuh ngurusin banjir di jawa tengah  jangan pencitraan melulu prestasi ngga ada ngotot ingin nyapres
2022-10-15 17:18:03+00:00;firmantile02;@febridiansyah Kalo (GaRing) Ganjar sama giring gimana bang?
2022-10-15 17:17:12+00:00;arsyakindo100;@Muhammad_Saewad gue jateng nih, ganjar jadi presiden mikir dulu lah, brebes banjir bandang dampak gunung slamet dibor oleh perintah si uban..
2022-10-15 17:16:29+00:00;BeritaDotMedia;- Menuju Pilpres 2024, relawan pendukung Ganjar Pranowo terus bermanuver untuk menarik simpati calo  #berita #politik  https://t.co/ZBgnqryyMU
2022-10-15 17:12:34+00:00;RadioElshinta;Bazar akhir pekan dan lomba mobile legend digelar Sahabat Ganjar. https://t.co/EGwMOQThUM
2022-10-15 17:10:13+00:00;Nunk26821022;@HrBmntyo21 @Raya66882940 @MedanSoepriono @jansen_jsp Ganjar sangat natural....
2022-10-15 17:07:57+00:00;Axisnew5;@GanjaranApp Peluang capres terbuka lebar untuk pak Ganjar #GanjaranApp #GanjarKita
2022-10-15 17:03:20+00:00;ncang_ncing87;@ChusnulCh__ @ganjarpranowo Tuh foto pak Ganjar kaga ada yg Laen apah...? 3 daerah, 3 spanduk, posenya sama semua....! lumayan tuh sembako ama kaosnya...ğŸ¤£
2022-10-15 17:00:52+00:00;makganjar_ntt;Antusias Yang Luar biasa ditunjukan Emak-emak #NTT untuk mendukung Bapak Ganjar Pranowo menjadi Presiden RI 2024-2029.
2022-10-15 16:59:44+00:00;dy04343703;@wulandari_erian @kangdede78 @Babeh_Sem @aniesbaswedan Org kalau hati nya dah jahat, apa pun yg di kerjakan org yg baek2 tak ada yg benar, dukung aja jagoan lu si ganjar, tunjukan prestasi nya, kontes blm di mulai nggak usah jelek2 ini calon lain.
2022-10-15 16:58:30+00:00;ratnanareh;@UyokBack @mahasiswigenz Ha..ha..ha...besok disambung ganjar, bisa streess seumur hidupmuğŸ˜‚ğŸ˜‚ğŸ˜‚
2022-10-15 16:54:40+00:00;AdiSuhe88396735;@DKIJakarta @aniesbaswedan @ArizaPatria Jgn balik lagi ys apa lagi tuk Indonesia maaf dah ada putra Indonesia asli . GANJAR PRANOWO Ri 1  2024 https://t.co/AshVa0A0qu
2022-10-15 16:53:25+00:00;osakafalls;bisa aja pak ganjar https://t.co/fhabhyuT9h
2022-10-15 16:52:05+00:00;VIVAcoid;Di Jakarta, Relawan: Semoga Kita Bisa Wujudkan Ganjar Jadi Pemimpin 2024 https://t.co/W6069e6PdV
2022-10-15 16:49:34+00:00;Aprillia_MAN;@ChusnulCh__ @ganjarpranowo @aniesbaswedan Jejak digital itu ADA...yg sering ngamuk2 G jelas... trus saat dengan warga WADAS..knapa lo g tunjukin video nya saat GANJAR di maki2.. apa pwrlu gw tunjukin, saat GANJAR D MAKI2 WARGA WADAS..
2022-10-15 16:49:12+00:00;WongKEDU__;"(Masih ramai) Kita antar pak Ganjar ke Istana..Kita anter Anies ke Tahanan KPK"". Yang Setuju RT kerasssss!!! Maju bersama @ganjarpranowo https://t.co/PCqgfhdpEQ"
2022-10-15 16:48:18+00:00;kohamy4;@di_dimu54412940 rasah crewet..klo bkn ganjar capres.. gw milih prabowo... partai nya aja ttp pdip...biar ngrasain kalo emng glayang jgn d ksakan... g perlu baper... knapa ktum partai g pernah mau jadi calon bupati dlu kek biar bs d cek trekrecord nya mem
2022-10-15 16:48:11+00:00;UmmiSayati;@realkris27 @sutanmangara Q gak tau tanyak, sama teman uğŸ‘‡ğŸ‘‡ğŸ‘‡mungkin ibuk u jugak kerja seperti  itu, kalau q ngapain kerjaan seperti itu mending layani suami aja biar dapat pahala, memang para buzzerp taux, bilang kayak gitu, kayak ganjar yg suka 
2022-10-15 16:45:39+00:00;medcom_id;Dianggap Bersih dari Korupsi, DPC PPP Mataraman Ingin Ganjar Nyapres https://t.co/x3ZtNuCvWa
2022-10-15 16:40:59+00:00;212jatr4;Klo banjir di jateng walu tenggelam ga ada yang nyinyirkan ke bpkkan paling pendukung bapak bilang faktor alam,,tapi kenapa pak klo banjir DKI walau setumit pemdukung pak ganjar semua slahin pak Anies coba pak namnya apa yg pantes buat mereka ,,pasti Pak ganjar bisa jawab ,suwun https://t.co/nyHlRKOf2i
2022-10-15 16:39:40+00:00;indraelfarisi;@Muhammad_Saewad Iyah, gw setuju Ganjar duet dengan  @Giring_Ganesha , sepertinya pasangan ini akan menang..
2022-10-15 16:39:12+00:00;Aprillia_MAN;@DuaPutr73313813 @TeddGus @M45Broo_ @aniesbaswedan goblok jgn d tunjukin...ğŸ˜‚ğŸ˜‚ğŸ˜‚ lo pikir Anies itu kek Ganjar...
2022-10-15 16:38:00+00:00;fadlyhendra11;@MiderNuswantoro @Relawananies rakyat indonesia yg waras dukung pak anies yg dungu dukung ganjar pranowo
2022-10-15 16:37:01+00:00;Nyimak369;@Muhammad_Saewad Ulah PSI spt gini, malah bikin elektabilitas ganjar makin turun.. Di bully..ğŸ˜„
2022-10-15 16:34:44+00:00;titaniaauw;@hobiberkeIana masa pak ganjar banteng si?
2022-10-15 16:33:19+00:00;surya16181661;@ChusnulCh__ @ganjarpranowo Narasi loe bawa2 anies mulu bungul pea, kalau mau dukung ganjar loe ga usah bawa2 anies tolol
2022-10-15 16:30:07+00:00;Izhars8;@alextham878 Mulan jamilah Anggota DPRRI partai grindra, wajarlah ahmad dhani dan mereka keberatan Anies Jadi capres Partai Nasdem, padahal elektabilatas Anies Jauuuuuhhh dibawah Probowo dan Ganjar serta Puan Maharani, tapi kenapa mereka masih gak terima 
2022-10-15 16:27:47+00:00;jhon_rendevous;@PartaiSocmed Si Densy dan gerombolaan siberat itu malah menjatuhkan ganjar kalau menurut saya mah.
2022-10-15 16:27:19+00:00;win_ardie;Jadi relawan itu mesti elegan dalam memberikan bentuk dukungan..  Bukan menyerang dan menjatuhkan lawan politik...  Tapi dgn kreativitas dan mendidik... Keren Srikandi Ganjar Kalteng... Ini loh pendukung @ganjarpranowo ... https://t.co/jd73rNKnwa
2022-10-15 16:27:01+00:00;akftor;@hobiberkeIana Wkwkwk ganjar anjeng
2022-10-15 16:26:39+00:00;kecruk771989;@ganjarpranowo Kepemimpinan pak ganjar memang sangat terasa bagi saya sebagai perantau, kota grobogan sangat aman dan nyaman harga pangan sangat terjangkau
2022-10-15 16:26:36+00:00;rnpranata78;@Muhammad_Saewad Pasangan Capres cawapres ideal itu Ganjar dan Giring disingkat jd GARING =Ganjar Giring ğŸ˜‚
2022-10-15 16:25:27+00:00;alviz72;@Uki23 Disini kekeliruan loe dan PSI dalam politik, promo Ganjar jelekin Anis, loe cari dukungan sekalian cari musuhğŸ¤£.
2022-10-15 16:23:46+00:00;ojufn;@huangxuxsi Met mlm pak Ganjar
2022-10-15 16:22:12+00:00;sigumanti;belakangan ini ngeliat twitter ganjar pranowo kok aktif betul ya kunjungan ke provinsi2 lain di Indonesia.
2022-10-15 16:19:52+00:00;anne_alfa;@febridiansyah Jangan pak, jangan gabungkan pak Sandiaga dengan Ganjar, saya gak rela... Pak SU baik klo Ganjar ... Pokoknya jgn campur aduk antara yg Haq dan yg batil
2022-10-15 16:19:04+00:00;InfoJktCom;Komunitas Bajaj Jakarta Deklarasi Dukung Ganjar Pranowo di Pilpres 2024 https://t.co/crcMZqfmmM
2022-10-15 16:18:38+00:00;Zyanpatra;Survei LSP: Elektabilitas Prabowo Tertinggi, Disusul Ganjar Pranowo, AniesÂ Bagaimana? https://t.co/PkIwr8tE7O
2022-10-15 16:18:11+00:00;sahabatganjarid;Dewan Pembina Sahabat Ganjar, KH. Khayatul Maky hadir pada Aerobic Competition dan Zumba Party yang berlangsung pada Sabtu (15/10/2022) di Gor Basket, Kecamatan Banjarnegara, Kabupaten Banjarnegara.
2022-10-15 16:17:17+00:00;WongKEDU__;Ketua DPW PAN Kalsel Muhidin pengurus DPW hingga seluruh pengurus DPD PAN Kalimantan Selatan sepakat mendukung @ganjarpranowo lantaran telah memantau aktivitas, dan kinerja Ganjar.
2022-10-15 16:17:10+00:00;fadlyhendra11;@gjxx41 @herru_ormega @NasDem ganjar pranowo otak cabul raja bokep https://t.co/6P8rU2mXyA
2022-10-15 16:16:20+00:00;WongKEDU__;Ganjar Resmikan Mal Pelayanan Publik ke-17 di Jateng Selain sebagai tempat pelayanan terintergrasi bagi masyarakat, mal pelayanan publik juga menjadi tempat untuk mempromosikan produk asli daerah. #GanjarEstafetJokowi https://t.co/WdyV3JiTqk
2022-10-15 16:16:01+00:00;merdekadotcom;Ganjar Beli 5 Pompa Mobile Baru, Disiagakan di Titik Rawan Banjir Rob https://t.co/s1cj47YlmA
2022-10-15 16:15:02+00:00;WartaEkonomi;Sekelas Amien Rais Ikutan Bahas Ijazah Palsu Jokowi, Loyalis Ganjar Pranowo Heran: Isu Itu Cuma... https://t.co/0LItiDnAAb
2022-10-15 16:13:40+00:00;_rakyatmerdeka;Ganjar Beli Lima Pompa Mobile Baru, Disiagakan Di Titik Rawan Banjir Rob
2022-10-15 16:12:43+00:00;BentengSumbar;Survei Capres LSP: Prabowo Teratas, Disusul Ganjar Dan Anies
2022-10-15 16:10:29+00:00;Nonducor_Duco_;Yang benar pilih Ganjar ğŸ‘ https://t.co/8S76JswyZ7
2022-10-15 16:07:05+00:00;novitanay10;@Paltiwest semangat mas... ayo dukung anies for presiden 2024... ganjar suka bokep.. .parah dia... puan.?.. sama oon nya ama mukidi.. ğŸ™„ğŸ¤£ğŸ¤£ğŸ¤£.. udh.. anies paling bener dah
2022-10-15 16:04:53+00:00;bangsaonline;DPC PPP se-Mataraman Deklarasi Ganjar Presiden 2024
2022-10-15 16:02:43+00:00;tisna1975;@psi_id @psi_id udah nonton video tanggapan ganjar belum terkait deklarasi presiden
2022-10-15 16:02:34+00:00;MakGanjarKaltim;Sampai ketitik terjauh dari Kalimantan timur,masyarakat asli kutai.kami mengobrol bersama dgn kedua orangtua hebat ini,senangnya hati kami ternyata bapak ini kenal dgn bpk Ganjar Pranowo. Relawan Mak Ganjar Kaltim siap mendukung bpk Ganjar Pranowo presiden RI 2024-2029 https://t.co/s9WIWIjQ8H
2022-10-15 16:02:08+00:00;SembungRaka;@ganjarpranowo Pak Ganjar sangat ramah sekali
2022-10-15 16:00:50+00:00;tisna1975;@psi_id, Ganjar di media tidak mau disandingkan PSI dan udah tanya mbak Yenny mau tidak jadi cawapres di usung PSI? https://t.co/CVe513JkU1
2022-10-15 16:00:36+00:00;herySbahri;@KWidiarso Lihai betul ya pak Ganjar ini  Jauh dg yg bilang DNA nya bla2...sdh dari dulu demo sbg ketua senat lah dll. Tp pengendalian masa jauh lbh lihai yg ini ğŸ˜ğŸ‘ğŸ»
2022-10-15 15:59:11+00:00;AkhmadDimyati13;@msbobote27 @NovalAssegaf Di jateng..saja nggk tentulah. Saya orang jateng..sangt un faedah ganjar..minim prestasi..9 th..nggk ada apa2 buat desa2 di jateng..hanya 5 jt buat OP.KPMD
2022-10-15 15:58:59+00:00;bhayubisma;@kangdede78 pdip, ganjar vs bambang pacul gmn? or puan vs relawan ganjar.. gk elu kritik zer? *buzzer culun
2022-10-15 15:58:51+00:00;risatromo;@di_dimu54412940 Pak Ganjar memang sangat layak didukung oleh seluruh rakyat Indonesia!
2022-10-15 15:57:24+00:00;Martant125;@febridiansyah Gw lebih dukung abu janda alkinthili mendampingi pak ganjar.
2022-10-15 15:56:10+00:00;Julian303;@kurawa Weh Weh .. buzzer homo China ganjaris ... @ganjarpranowo Penuh kata kata kotor . Makanya Ganjar semakin keblangsak
2022-10-15 15:52:32+00:00;msbobote27;@NovalAssegaf Kok ketawa bib....hati2 ganjar bisa menjulang suara terbanyak di pilpres
2022-10-15 15:52:14+00:00;ImminentDangers;@EgieVie @SimanjP @sutanmangara Kasian sekali.. karya seniman joko avianto pun diakui sbg karya ganjar saking minimnya prestasi
2022-10-15 15:51:56+00:00;BandiVokt;@ganjarpranowo Luv you pak Ganjar
2022-10-15 15:49:50+00:00;EgieVie;@ImminentDangers @SimanjP @sutanmangara Tugu getah getih prestasi ganjar kan ya
2022-10-15 15:49:40+00:00;ponopro;@febridiansyah sama erick lebih cocok..kalau sandiaga uno kayaknya dia yg ngak mau sama ganjar..
2022-10-15 15:48:37+00:00;NgilmuKantiLaku;@ade_sayyid17 @yusuf_abdillah_ @FirzaHusain Blog prestasi ganjar apa ayo sebutin.  Integrasi angkutan dan Reformasi transportasi publik jakarta oleh Anies melalui jaklingko itu brilliant, siapa yg bisa bantah itu bukan karya Anies?
2022-10-15 15:47:34+00:00;warm_jack;bukti dipinang banyak pihak buat capres dg penghargaan internasional. tidakbisa membantah ucapan siapapun ... selainmereka di psi yg semangat nebeng suaranya dg mencalonkan ganjar.. sayangnya ganjar nggak taw sapa psi.. kan sakit https://t.co/4kjmsVw8De
2022-10-15 15:46:53+00:00;wulandari_erian;@pemulungmimpi Mbah ojo kaget Mbah PAN dukung pak Ganjar lo Mbah ğŸ˜ https://t.co/YH9ZpLYbEq
2022-10-15 15:44:49+00:00;rodjickin;@Faqar_77 @aSalnJeplak5 @BungaDesakuRose sdh baca berita proyekÂ² yg lgi di kebut di sekitar bandara tsb. ? salah satunya yg kemaren diresmikan  bareng ganjar.
2022-10-15 15:44:04+00:00;kakekhalal2;Ganjar Resmikan Mal Pelayanan Publik ke-17 di Jateng Selain sebagai tempat pelayanan terintergrasi bagi masyarakat, mal pelayanan publik juga menjadi tempat untuk mempromosikan produk asli daerah.
2022-10-15 15:42:25+00:00;Jeza74422125;@Uki23 Klo mau banggain prestasi ganjar .ga usah nyndir anies .toh sma2 berprestasi kan.??? Poltikus ko otaknya cetek banget..pantesnya jd buzzer mcam si abu janda
2022-10-15 15:41:54+00:00;humaini_hd;@oposisiAJEdeh @AdiSuhe88396735 @aniesbaswedan @DKIJakarta @ArizaPatria Hanya PDIP yang bisa jawab, Pantaskah Ganjar jadi Presiden?  Jika pantas kenapa PDIP menunjuk Puan Maharani.
2022-10-15 15:41:29+00:00;MerdekaRakyan;@febridiansyah Ganjar juga cocok sama tokoh Golkar, misal Airlangga atau Setnov ğŸ¤­
2022-10-15 15:40:44+00:00;ArwahMiliter;Ini Partai Lucu ğŸ˜‚ğŸ˜‚ğŸ˜‚, PDIP dg kuota 20% capres Puan, Gerindra Prabowo, Anies ada beberapa partai dg kuota 20% PT, lha PSI punya berapa, Ganjar orang PDIP dan anda kudu izin dululah sama PDIP ğŸ˜‚, dan Sama Yenny udah minta izin Gusdurian belum, entar dilepeh lagi https://t.co/IbVzhAmKMe
2022-10-15 15:39:29+00:00;makganjar_jambi;Tim mak ganjar provinsi jambi turun ke masyarat. Tempat sosialisasi dirumah nelti. Desa pasar semerap Desa ini adalah desa yg sangat  senang dgn kedatangan Mak ganjar untuk bersosialisasi mengenai figur preaiden ditajhun 2024 mendatang https://t.co/qunoaC3mcs
2022-10-15 15:38:28+00:00;loveskarage;@GanjaranApp Seneng banget soalnya banyak yang dukung serta percaya sama pak ganjar #GanjaranApp #GanjarKita
2022-10-15 15:38:05+00:00;Gandawan;@OposisiCerdas Wajarlah... Waktu PSI mengusung Ganjar, Ketum PSI juga ga tau kok...ğŸ˜†ğŸ˜†ğŸ˜† Entah kocak entah goblok...ğŸ¤£ğŸ¤£ğŸ¤£
2022-10-15 15:37:40+00:00;Greceps;Aku dukung Ganjar ,Mas'e ğŸ™‹ https://t.co/aOwAcdZPCS
2022-10-15 15:35:04+00:00;NgilmuKantiLaku;@Rizmaya__ @KPK_RI @firlibahuri @KPK_RI tangkap ganjar, sudah 3 orang saksi dipersidangan menyatakan ganjar Terima suap e-KTP.  @KPK_RI tangkap ahok, BPK sudah adakan audit forensik dan nyatakan ahok rugikan negara.  Kurang jelas apa lagi tuh kasus.
2022-10-15 15:34:22+00:00;Kangmat06674;@nana_juhainah Tri media Panjaitan kader PDIP sempat bertanya pada Eko Kuntadi, ketum ganjaris waktu itu, tunjukkan satu aja prestasi Ganjar, dan Eko Kuntadi cuma melongo.
2022-10-15 15:33:14+00:00;Gushad5;@ganjarpranowo Pendukung panjenengan ingkang wonten teng palu Sulawesi tengah Mugi panjenengan survei pak Ganjar ğŸ™
2022-10-15 15:32:48+00:00;inisiatifganjar;Hadapi Musim Hujan, Ganjar Beli Lima Pompa â€œMobileâ€ Baru
2022-10-15 15:30:17+00:00;NgilmuKantiLaku;@ade_sayyid17 @yusuf_abdillah_ @FirzaHusain Ayo sebutin satu satu, kau tulis prestasi Ganjar. 1. Anies telah mengintegrasikan transportasi umum di jakarta sehingga warga Jakarta kemana mana murah. Ayo sebutin prestasi ganjar, Ditunggu
2022-10-15 15:30:09+00:00;FPI87932287;@ChusnulCh__ @ganjarpranowo Itu tandamya ganjar kebelet jadi pleciden
2022-10-15 15:29:57+00:00;_Goentoer_;Pak Ganjar itu santai dan percaya diri. Gak bingung kesana kemari cari dukungan partai. Beda dengan yg serakah dan nafsu berkuasa ini @aniesbaswedan . Sibuk kesana kemari cari dukungan ke partai dan ke pak Andhika perkasa https://t.co/7JhTJe3uGc
2022-10-15 15:29:52+00:00;RusliUncle;@AirinAirin_NZ @ganjarpranowo Pak Ganjar ko gk ikuti cara Anis sih, mengatasi banjir dgn cara membagikan toa. Buktinya DKI berhasil....(ngibulin warganya) ğŸ¤ª
2022-10-15 15:28:52+00:00;loveskarage;@GanjaranApp Pak Ganjar ini memang hebat sekali #GanjaranApp #GanjarKita
2022-10-15 15:28:21+00:00;Jasman_SKB;@ChusnulCh__ @ganjarpranowo @aniesbaswedan Ganjar Pranowo apakah jadi maju Capres 2024? Kenapa selalu diributkan yg belum tahu maju atau tdk?
2022-10-15 15:27:38+00:00;tabahbudi_s;@vvotanet Sisca sama pak ganjar,samaÂ² fans MUğŸ˜‚
2022-10-15 15:27:20+00:00;Koroyesua2;DPW PAN NTT Deklarasi Ganjar Pranowo sebagai Calon Presiden Pada Pemilu Tahun 2024
2022-10-15 15:25:38+00:00;smartcity_Mks;Dukung Ganjar di Pilpres 2024, DPW PAN NTT Gelar Deklarasi
2022-10-15 15:24:40+00:00;Koroyesua2;Deklarasi Ganjar Pranowo sebagai Calon Presiden Pada Pemilu Tahun 2024 dari DPW PAN NTT https://t.co/aHBzVH8ixC
2022-10-15 15:22:56+00:00;nenni_achir1;@Yonz_lp @AbdHali59646742 @aLy_Bima @amfas2020 Emang kapan ganti rezim? Kan dilanjut sama Ganjar nanti ğŸ˜‚
2022-10-15 15:22:43+00:00;situbondoPD;Kepala Balitbang DPC Partai Demokrat Situbondo, Aldo Wibowo optimis Partai Demokrat bisa memenangkan Pilpres 2024 mendatang. Hal itu bukan tanpa alasan, mengingat AHY saat ini memiliki elektabilitas tertinggi kedua setelah Ganjar Pranowo.
2022-10-15 15:22:38+00:00;situbondoPD;â€œSementara itu, posisi Cawapres, AHY berada pada urutan dua dengan elektabilitas 11,5 persen. Selisih tipis dari Ganjar yang mencapai 12,4 persen. Itu artinya masyarakat sudah punya pilihan.
2022-10-15 15:22:37+00:00;situbondoPD;Berdasarkan temuan survei mereka, yang dilakukan sejak 28 Agustus hingga 12 September 2022, tingkat elektabilitas AHY sebagai Capres berada di urutan keempat dengan angka 4,1 persen, di bawah Ganjar Pranowo 24,7 persen
2022-10-15 15:22:36+00:00;situbondoPD;"""Mereka adalah adalah Gubernur Jateng Ganjar Pranowo 12,4 persen"
2022-10-15 15:22:36+00:00;situbondoPD;Sufyanto mengungkapkan, tiga kandidat Capres saat ini tidak ada yang menonjol seperti di Pilpres 2014 dan 2019. Mereka adalah Ganjar Pranowo, 24,7 persen
2022-10-15 15:21:25+00:00;menit_indo;@febridiansyah Ganjar cocoknya sama Bang @nazaqistsha
2022-10-15 15:20:54+00:00;jalanlurus05;@bachrum_achmadi Ada yg mau stroke drun, kepedean deklarasi junjunganmu malah partainya tambah nyungsep, kau sih sibuk nyinyirin Ganjar doang makanya netizen jd muak ama kau n nasdrun ğŸ¤£
2022-10-15 15:20:35+00:00;mailsey2;@ganjarpranowo Loh loh motornya ditinggal, demi foto sama pak Ganjar Pranowo. Memang idaman masyarakat banget nih pak Ganjar Pranowo
2022-10-15 15:20:04+00:00;DenaNuryasha;Pak ganjar mungkin konsep kampanyenya bisa diubah ya, ketebak banget pak
2022-10-15 15:19:24+00:00;mailsey2;@ganjarpranowo Keren banget memang pak Ganjar Pranowo, pemimpin terbaik
2022-10-15 15:18:00+00:00;aceng134523419;@liputan6dotcom Org2 waras dan cerdas pasti pilih Ganjar.
2022-10-15 15:16:30+00:00;mailsey2;@faraamrzh_ @ganjarpranowo Memang terbaik pak Ganjar Pranowo mengantisipasi banjir sebelum terjadi banjir
2022-10-15 15:16:25+00:00;kesittt;Relawan Sahabat Ganjar peduli korban terdampak banjir di Mangkang Wetan, Kota Semarang
2022-10-15 15:15:18+00:00;makganjarjbdtb;Berbagi Kebaikan di 3 Wilayah di @pasarrebo , @warakas @setiabudi #GanjarPranowo #GanjarKita #ganjarforpresiden2024 #makganjar https://t.co/n4Bc6TCU0l
2022-10-15 15:14:41+00:00;miftasazhia;@nana_juhainah walopun saya tau menghina anies aman dari jerat UU ITE,tapi klo dukung ganjar,tunjukin dong prestasinya ganjar.kog bisanya nyerang personal lawan maen.rendah amat. apa yg di dapat jawa tengah dalam 2 periode ganjar? selain jadi salah satu p
2022-10-15 15:14:21+00:00;tribunnews;Anies Baswedan dan Ganjar Pranowo Diusulkan Jadi Capres Oleh DPC PPP Ciamis https://t.co/48bdnUsUPm via @tribunnews
2022-10-15 15:14:20+00:00;aan_muba;Ketua DPW PAN Kalsel Muhidin pengurus DPW hingga seluruh pengurus DPD PAN Kalimantan Selatan sepakat mendukung @ganjarpranowo lantaran telah memantau aktivitas, dan kinerja Ganjar.
2022-10-15 15:14:09+00:00;TarunaAdjie1;Jokowi sepertinya akan mengucapkan terima kasih kpd para BuzerRP, dan Ganjar juga sepertinya akan mengucapkan terima kasih pada pembuat CD bokep/pengupload Bokep di Youtube https://t.co/Vsrir2xyua
2022-10-15 15:13:40+00:00;VjHan85;@NasranMa @kariageshota1 @ekowboy2 Lah sy tanya anda ..buktikan jika itu kasusnya ganjar ..gerombolan anda ahlinya bikin hoaks loh.. https://t.co/uX7HHKEMIp
2022-10-15 15:12:01+00:00;alennyctt;@ChusnulCh__ @ganjarpranowo Kok yg comment semua gak suka pak Ganjar Jdi R1 ya, kalau gitu mari kita dukung BPK @aniesbaswedan menjadi PRESIDEN
2022-10-15 15:11:32+00:00;makganjarjbdtb;Berbagi Kebaikan di Cinere dan di Bekasi #GanjarPranowo #GanjarKita #makganjar https://t.co/OtkV4EfCKd
2022-10-15 15:11:31+00:00;fegarif;@WirabumiBre @OposisiCerdas Ingin menarik perhatian pecinta gus dur sekaligus pecinta ganjar pranowo, agar kelak bisa masuk senayan. Begitulah pesannya
2022-10-15 15:11:27+00:00;Dnok_Ayu;Btw, setiap wiken Sahabat Ganjar selalu adakan giat di bbrp Kota loh. Klo ingin tau apa aja, lgsg kunjungi website Sahabat Ganjar aja.ğŸ˜‰ https://t.co/onCBSkOnQh
2022-10-15 15:11:25+00:00;Dnok_Ayu;Yang benar pilih Ganjar ğŸ’ª Sahabat Ganjar Kali ini bersama Komunitas Bajaj asal Kota Jakarta Barat mendeklarasikan dukungan u/ #ganjarpranowo mjd capres 2025. Maju terus #sahabatganjar ğŸ˜‰ https://t.co/SYJwKxlR3o
2022-10-15 15:11:10+00:00;koranntt;Kader dan Simpatisan PAN NTT Sepakat Dukung Ganjar Pranowo Capres 2024 https://t.co/eBsJyOXcFV
2022-10-15 15:11:08+00:00;Beritasatu;Komunitas Bajaj DKI Deklarasi Dukung Ganjar di Pilpres 2024 https://t.co/3GCrlcWqsH
2022-10-15 15:11:03+00:00;GoSumutdotcom;Ratusan Santri di Sumut Dukung Ganjar Jadi Presiden 2024. Begini Alasannya! https://t.co/FM2eOtt9BU
2022-10-15 15:10:03+00:00;GiriHaryoto;@bachrum_achmadi Ganjar nya saja menertawakan pencalonan oleh psi, pan mau diloby psi...?
2022-10-15 15:09:40+00:00;TheBest97311628;@JulBayur3 @YokoSetyoso Ayooo kita pilih ganjar am ahok ya... Biar mrka jgan gila dan stress, ğŸ¤£ğŸ¤£
2022-10-15 15:08:55+00:00;makganjarjbdtb;Berbagi Kebaikan di #kramat dan di #bukitduri #GanjarPranowo #GanjarKita #makganjar https://t.co/6rMKmnGuHt
2022-10-15 15:07:43+00:00;oposisiAJEdeh;@AdiSuhe88396735 @aniesbaswedan @DKIJakarta @ArizaPatria Ganjar cuma bisa NGEVLOG.. sama Nonton..
2022-10-15 15:07:10+00:00;tvOneNews;DPW Partai Amanat Nasional NTT Deklarasikan Ganjar Pranowo Capres 2024 https://t.co/ysyELVZhaw
2022-10-15 15:06:55+00:00;yhanuar;@febridiansyah Ganjar cocoknya sama Sambo sih, mas :))
2022-10-15 15:06:49+00:00;paulbalance;Ganjar mah cocoknya sama penalti. Diganjar penalti~ https://t.co/P2pCOtsv1h
2022-10-15 15:06:37+00:00;jr_kw20;Mantab dah Berdasarkan hasil keputusan Rakerwil sebelumnya, kami DPW NTT hari ini sepakat untuk mengusung Ganjar Pranowo sebagai Capres 2024,â€ ujar Ketua DPW PAN NTT, Awang Notoprawiro k
2022-10-15 15:06:36+00:00;SINDOnews;Forum Komunikasi DPC PPP Wilayah Mataraman Deklarasi Ganjar Capres 2024
2022-10-15 15:06:35+00:00;the_schloss;@FirzaHusain Gerombolan ijazah palsu ngedawet pendukung ganjar ketar ketir lihat pemimpin rakyat pak Anies makin dicintai rakyat.
2022-10-15 15:06:20+00:00;febri76242789;@ganjarpranowo demi pak ganjar, motor ku lupakanğŸ¤£ğŸ¤£
2022-10-15 15:06:15+00:00;mak_Ganjarjogja;Begitu Istimewa nya Jogja. Se istimewa Kamu. Iya Kamu Pak Ganjar ğŸ¥° Terimakasih atas 1 dekade yang telah bapak bantu perjuangkan secara diplomasi atas hak istimewa nya Jogja #GanjarPranowo
2022-10-15 15:05:03+00:00;loveskarage;@GanjaranApp ğŸ‘ğŸ»ğŸ‘ğŸ»ğŸ‘ğŸ»ğŸ‘ğŸ»ğŸ‘ğŸ» Memang kinerja pak ganjar tuh mantap abiss #GanjaranApp #GanjarKita
2022-10-15 15:04:31+00:00;Wirajiwa1;@ChusnulCh__ @ganjarpranowo Naih gitu pir tampilin prestasi2 junjungan elo dr pd jualan radikal radikul, seburuk2nya pak ganjar pasti pnya prestasi kok
2022-10-15 15:04:19+00:00;Sarinah116;@jansen_jsp Lom pernah lihat Ganjar dgn pendemo yg berulang begitu.... browsing gih...biar terkesan nggak kudet....
2022-10-15 15:04:13+00:00;arifin_karim1;"""sudah ke sini belum,pak Ganjar? ini wilayah njenengan,lho. ini jalan proivinsi yang membentang di kecamatan Sirampog,kabupaten Brebes. daerah pesisir selatan juga dihantam banjir,tapi njenengan malah enjoy jalan-jalan sampai kalimantan"". https://t.co/YXTBQw5ZN9 https://t.co/x2j9vU0fOK"
2022-10-15 15:02:33+00:00;liputan6dotcom;DPC PPP Wilayah Mataraman Deklarasi Ganjar Capres 2024 https://t.co/okGZ1jBdN4
2022-10-15 15:02:07+00:00;armeyn_n;@febridiansyah Kalau anti korupsi pilih firli lah, ganjar ada e ktp
2022-10-15 15:01:55+00:00;GenthoJohan;@MARQUEZ__93 Aku yakin pasti ganjar calon RI1 PDIP karena aku tau ......
2022-10-15 15:01:20+00:00;wulandari_erian;@Marbot_Udien @ex_AnakLolina Bunda Anne avantie kan perancang batik dan pak Ganjar juga pecinta batik orang baik itu auranya selalu positif walau lagi susah gk akan marah beda dengan orang jahat kalau lgi susah pasti marah2
2022-10-15 15:01:13+00:00;RayTango5;Lhaaa..kmren ganjar ga tau..skrg yenny ga tau..lucu jg nih partai ğŸ¤£ğŸ¤£ğŸ¤£
2022-10-15 15:00:38+00:00;medcom_id;Sosok Merakyat Ganjar Bikin Komunitas Bajaj Deklarasikan Dukungan https://t.co/QEh4iEH4qi
2022-10-15 15:00:18+00:00;imoas_run;@ernestprakasa Lgi nyindir PSI ya ğŸ˜‚ PSI usung Ganjar, tp Ganjar gatau. PSI usung Yenny, tp Yenny gatau
2022-10-15 14:59:51+00:00;GenthoJohan;@alextham878 Gas terus pasukan prabowo yg pernah satu garis , itu cuma drama ronde ke du pasti gabung satu garis lg melawan ganjar.
2022-10-15 14:58:40+00:00;ErmansyahUus;@bachrum_achmadi Ujung2 nanti gagal mengusung  ganjar gara2 tidak di anggap,ğŸ˜‚
2022-10-15 14:58:37+00:00;mamang_opik;@OposisiCerdas Udah cocok ko mba @yennywahid. Ganjar - Yenny disingkat ANJAY
2022-10-15 14:57:20+00:00;PiakRaden;Meskipun dituding macam macam beliau tetap menemui pendemo dan mahasiswa utk tatap muka secara terbuka.. Keren Pak Ganjar, ehh ada makhluk yg mencoba ikut ikutan di djakarta kemarin ğŸ˜‚ğŸ˜‚ https://t.co/8Ee0J0BNOQ
2022-10-15 14:56:45+00:00;ymoriska;@ChusnulCh__ @ganjarpranowo Ganjar=Bokep
2022-10-15 14:56:35+00:00;WibowoDre;@ganjarpranowo pak ganjar... tolong
2022-10-15 14:55:39+00:00;medcom_id;Sosok Merakyat Ganjar Bikin Komunitas Bajaj Deklarasikan Dukungan https://t.co/QEh4iEq1oi
2022-10-15 14:55:25+00:00;detik_sulsel;Srikandi Ganjar Dorong Perempuan Kalteng Lebih Sehat &amp
2022-10-15 14:55:15+00:00;verticalscape;@febridiansyah Kalo BUMN tak rugi lagi , tak bagi bagi Nepotisme lagi baru cocok , Uno yah jadi papa online aja .. udah lewat masanya ....  Kalo aja Yenny bisa bawa Garuda ke suksesnya lagi baru cocok ... Kalo gue , ingat Ganjar yg ingat e-KTP sih ....
2022-10-15 14:54:56+00:00;Adhi_Beka2;@JarnasABW Riau untuk Ganjar...ğŸ‡®ğŸ‡©ğŸ‡®ğŸ‡©ğŸ‡®ğŸ‡© https://t.co/tmwgY7XcgM
2022-10-15 14:54:47+00:00;GosipTerbaru3;@Ganjar4RI @ganjarpranowo Saya lebih setuju Ganjar untuk Maria Ozawa, hobinya satu garis, tapi beda peran
2022-10-15 14:53:53+00:00;Zidan05371884;@Stevaniehuangg Ganjar cucunya sispa
2022-10-15 14:53:16+00:00;firman__nurhuda;Mbak @yennywahid , Apa kowe gelem mitra mimpin negara iki karo Pak Ganjar..? Sanadyan Partai PDIP durung ngumumake cape Yen Bu Yenny pengin jodho, ya, nanging miturutku, Bu Yenny luwih cocok kanggo aktivis netral. 
2022-10-15 14:52:12+00:00;subagiyo179;@detikcom Lanjudkannn....sy mendukung 100% utuk Ganjar ...
2022-10-15 14:51:31+00:00;RinalDelapanen2;@kangdede78 @aniesbaswedan Menjelang akhir jabatan ganjar resmikan berbagai proyek.luar biasa ganjar memimpin jatengğŸ¤­ https://t.co/WzkmzAO9gu
2022-10-15 14:51:26+00:00;Bojes86M;@Karinbahary2 @Lentera1568 @NasDem Ganjar dan puan jg terbukti trlibat E-KTP ..malh jd capres dr partai yg sama..cebong ma gda otak
2022-10-15 14:51:26+00:00;Bojes86M;"@Lentera1568 @NasDem Ganjar dan puan jelas"" terlibat korupsi E-KTP..22nya malah jd capres dr partai yg sama..ğŸ˜ƒğŸ˜ƒğŸ˜ƒdongo lu...ko kaga di nyinyirin.."
2022-10-15 14:50:09+00:00;Syahban43931080;Setelah PPP, PAN Mulai Buka Dukungan Buat Ganjar Pranowo: Golkar Beda Selera? https://t.co/WUZFMePAGO
2022-10-15 14:49:22+00:00;firman__nurhuda;Bund @yennywahid , arep dadi Wakil Presiden RI karo Pak Ganjar...? Didhukung dening Partai PSI.
2022-10-15 14:48:33+00:00;adi_jun07;Baik kalo gitu, berarti PDIP siap jadi pecundang 2024 Tutup Pintu Buat Ganjar Pranowo, Kubu Megawati Fix Dukung Puan Maharani: Kalahpun Sudah Siap... https://t.co/Pwt2jusYFj
2022-10-15 14:47:22+00:00;InvestorID;Komunitas Bajaj Jakarta Deklarasi Dukung Ganjar Pranowo di Pilpres 2024 https://t.co/zirEMNY1cX
2022-10-15 14:47:04+00:00;RiyadiAhmad_;@tjahjo1008 @PartaiSocmed @ganjarpranowo Coba cek dch pedukung Pk Ganjar fitnanya bukan main bnyk bgt buzerr nya Uda gitu sering blunder hahahaaa
2022-10-15 14:47:02+00:00;tauberitamedia;Relawan Srikandi Ganjar Provinsi Kalteng menggelar kegiatan seminar kesehatan dan kecantikan, serta beauty class di Gedung Wanita Sampit, Kotawaringin Timur https://t.co/T884yEcZQ5
2022-10-15 14:45:00+00:00;astrovvorls;@ganjarpranowo Pak Ganjar selalu berpihak rakyat kecil
2022-10-15 14:44:02+00:00;astrovvorls;@ganjarpranowo Karena citra nya yg bagus rakyat jadi cinta pak Ganjar
2022-10-15 14:43:04+00:00;aniblogsan6;@Arthamilli2111 @mangunsong63 @detikcom wwkwkw anda aneh ganjar kok gak dibahas ayo kenapa? mendingan ibu puan deh jadi capres daripada ganjar pendukung bu puan gak gini gini amat kayaknya
2022-10-15 14:43:02+00:00;tauberitamedia;Relawan Srikandi Ganjar Provinsi Kalteng menggelar kegiatan seminar kesehatan dan kecantikan, serta beauty class di Gedung Wanita Sampit, Kotawaringin Timur https://t.co/T884yEv94d
2022-10-15 14:42:50+00:00;astrovvorls;@ganjarpranowo Gak khawatir lagi sekarang karena pak Ganjar
2022-10-15 14:42:35+00:00;fegarif;@AryaSanjaya0 @ganjarpranowo @DP_dannypomanto Silahkan serang saja. Gua bukannya mau membela pak ganjar, cuman mengeshare yg gua tau saja.
2022-10-15 14:41:56+00:00;EDOBae19890212;@Dennysiregar7 Hidup pak ganjar https://t.co/LVz9EazBrj
2022-10-15 14:40:12+00:00;supikri1;@veaadeeana Ganjar cocoknya sama nikita
2022-10-15 14:39:49+00:00;abujibril;@SoniUwong @ganjarpranowo Lha wong yg disebut Pak Ganjar itu, panganan thok, hare.....gak satu pun yg berkaitan dgn kerja
2022-10-15 14:39:41+00:00;bachrum_achmadi;PSI usung Ganjar, tp Ganjar gatau. PSI usung Yenny, tp Yenny gatau. Bikin ngakak aja PSI ini! ğŸ˜‚ğŸ˜‚ğŸ˜‚
2022-10-15 14:39:35+00:00;LaskarNKRI_024;Ganjar gitu lohhh https://t.co/zDPlkSdOrs
2022-10-15 14:38:57+00:00;EDOBae19890212;@Dennysiregar7 Jangan lupa pilih pak Ganjar yang agamis semangat Ganjaris semua ayoo https://t.co/nafjzJbehS
2022-10-15 14:38:56+00:00;GanjarKaltim;Alhamdulillah pada hari Selasa tanggal 11 Oktober 2022, Santri Dukung Ganjar Kalimantan Timur Melakukan Agenda Silaturahmi ke Tokoh Agama/Ustadz di Kota Samarinda Kalimantan Timur .
2022-10-15 14:38:01+00:00;MrBool87;@psi_id PSI sibuk calonin ganjar.. eehh ganjarnya malah ga gubris copras capres. Kalian sehat..?
2022-10-15 14:35:02+00:00;WartaEkonomi;PSI Duetkan Dirinya Sama Ganjar Pranowo, Yenny Wahid Keheranan: Saya Gak Dikasih Tahu... https://t.co/GLla7QQhWo
2022-10-15 14:34:22+00:00;aksesdisini_com;DPW PAN NTT Dukung Ganjar Pranowo Menjadi Capres pada PilresÂ 2024 https://t.co/Aitkhjga4s
2022-10-15 14:34:20+00:00;ArArozy;@OposisiCerdas Ganjar bilang partai kecil Yeni wahid vilang gk dikasih tahu itu lah PSI gk punya sopan satun cara berpolitik
2022-10-15 14:34:20+00:00;ce_uneh;@ChusnulCh__ @ganjarpranowo Hahay.. kerja keras banget si Bungul Cenul Su'ul, orangnya aja udah ngaku gak nyari prestasi, KINERJANYA ZONKâ€¼ï¸  TIKTOKan Mulu Ganjar mah 
2022-10-15 14:33:59+00:00;AriefPe64165247;@Dennysiregar7 Terima kasih mas, sudah nge tweet terus tentang pak Anies, sampai lupa sama pak Ganjar ğŸ˜„
2022-10-15 14:33:51+00:00;WaspadaOnline;Ganjar Didukung Ratusan Santri di Sumut Jadi Presiden 2024 https://t.co/FztWcHAe7x
2022-10-15 14:33:49+00:00;MasGoen19;@HelmiFelis_ Iyaaa......klo Ganjar Ampe gak kepilih .....bodohlah kita semua.....
2022-10-15 14:33:38+00:00;GanjarKaltim;Alhamdulillah pada hari Senin tanggal  10 Oktober 2022 Santri Dukung Ganjar Kalimantan Timur Melakukan Agenda Borong Pedagang UMKM di Kota Samarinda. Semoga agenda rutin seperti ini akan terus kita lakukan untuk membantu UMKM.
2022-10-15 14:32:34+00:00;IdSinpo;Survei LSP: Kesan Pemersatu Melekat, Pak Bowo Diterima Pemilih Ganjar Maupun Anies https://t.co/LyVFD1btch
2022-10-15 14:32:16+00:00;BeritaDotMedia;", Relawan ""Sedherek Ganjar Pranowo Gunungkidul"" mendeklarasikan dukungannya agar Ganjar menjadi Pres #berita #daerah https://t.co/h354zw8D9Y"
2022-10-15 14:32:09+00:00;arka_united;@sigitwid @psi_id PSI KUI SOPO, KATA GANJAR
2022-10-15 14:30:01+00:00;parrerra;@ganjarpranowo pak ganjar tolong desa kami desa kawunganten sawahnya banjir terus sudah bertahun tahun gagal panen pak
2022-10-15 14:30:00+00:00;iqraks;GG, Ganjar-Grace bukannya bagus juga mas? ğŸ˜ https://t.co/ZBF2WI29Fi
2022-10-15 14:29:43+00:00;aanoorf;@masdwika @Tan_Mar3M @OposisiCerdas Lebih pas Garing Ganjar Giring ğŸ˜‚ğŸ˜‚ğŸ˜‚ğŸ˜‚
2022-10-15 14:28:59+00:00;SANufail;@Dennysiregar7 Di rumah Ganjar yuk nonton bokep, coli masal
2022-10-15 14:28:08+00:00;liputan6dotcom;Hasil Rakerwil, DPW PAN NTT Sepakat Usung Ganjar Pranowo Capres 2024 https://t.co/Otxkd92wjC
2022-10-15 14:28:06+00:00;timescoid;Gubernur Jawa Tengah Ganjar Pranowo, semakin hari terus bertambah dukungannya agar menuju Â RI 1. ... ... https://t.co/lyqSac0n0J #timesindonesia #ketahananinformasi #indonesiabangkit
2022-10-15 14:27:18+00:00;febridiansyah;Ganjar kayaknya cocoknya ama Erick Thohir atau Sandiaga Uno ğŸ˜Š https://t.co/J6MadmQqlE
2022-10-15 14:27:00+00:00;m4_rho;Hasil Rakerwil, DPW PAN NTT Sepakat Usung Ganjar Pranowo Sebagai Calon Presiden 2024 https://t.co/GwvXVKWDzC
2022-10-15 14:26:18+00:00;g_p_ku;SangPemimpinRakyat @ganjarpranowo ğŸ‡®ğŸ‡©
2022-10-15 14:24:30+00:00;GanjarKaltim;Alhamdulillah pada hari Sabtu tanggal 15 Oktober 2022, Santri Dukung Ganjar Kalimantan Timur Melakukan Agenda Bantu Pedagang UMKM dan Safari Pondok Pesantren di Kota Balikpapan.
2022-10-15 14:22:54+00:00;GanjarKaltim;Alhamdulillah pada hari Jum'at tanggal 14 Oktober 2022, Tim dan Relawan Santri Dukung Ganjar Kalimantan Timur melakukan Agenda Berbagi Jum'at Berkah di kota Samarinda dan  Kab. Penajam.
2022-10-15 14:22:10+00:00;CNNIndonesia;Survei Capres LSP: Prabowo Teratas, Disusul Ganjar dan Anies https://t.co/BlQKwGP8yq
2022-10-15 14:21:41+00:00;DiniHrdianti;@kakekhalal2 @GPJateng @Gus_Raharjo Mantaaappp ğŸ‘ğŸ‘ğŸ‘ğŸ‡®ğŸ‡© Semakin byk dukungan partai utk Pak Ganjar ğŸ’ª
2022-10-15 14:21:39+00:00;ipungvice1;@faizalassegaf Mungkin maksudnya adalah ganjar dan ekosistem politiknya masih dalam tempurung (antitesa Gub. DKI beserta grup 212 - nya) Nopo ngoten pak @ganjarpranowo  ?
2022-10-15 14:20:42+00:00;m4_rho;DPW PAN NTT Sepakat Usung Ganjar Pranowo Capres 2024 https://t.co/1NyPhT6pIh
2022-10-15 14:20:17+00:00;Tegarrm11;@ganjarpranowo Setuju bgt sama pak ganjar
2022-10-15 14:20:01+00:00;WartaEkonomi;Ganjar Pranowo Terus Jadikan Jateng Sebagai Kawasan Primadona untuk Investasi https://t.co/jI3WcaiFeE
2022-10-15 14:19:58+00:00;Adeeeeq_;@Uki23 Antagonis banget sih lu dek, memelintir ucapan Anies, trus naekin nama ganjar, lu sebenarnya udah pasrah dek, gua tau kalian kesulitan.
2022-10-15 14:19:29+00:00;Tegarrm11;@ganjarpranowo Untung ada pak Ganjar
2022-10-15 14:19:20+00:00;KodePos_;Sy ngga suka Prabowo. Tapi jika lawannya Anies Baswedan, sy pilih yg pertama. Ngga akan golput. Mudah2 an aja capres hanya dua, Ganjar vs Anies
2022-10-15 14:19:01+00:00;wulandari_erian;@MARQUEZ__93 Beliau rajin blusukan dan selalu mengingatkan pejabat daerah jangan korupsi dan pak Ganjar paling jago berkomunikasi dengan pendemo sehingga gk ada yg marah atau terjadi bentrokan
2022-10-15 14:18:58+00:00;GanjarKaltim;Alhamdulillah pada hari Minggu tanggal 9 Oktober 2022, Santri Dukung Ganjar Kalimantan Timur Melakukan Agenda Silaturahmi ke Tokoh Agama/Ustadz di Kota Samarinda, Kalimantan timur.
2022-10-15 14:18:09+00:00;Zyanpatra;Survei Capres LSP: Prabowo Teratas, Disusul Ganjar danÂ Anies https://t.co/9TYiLxu9vP
2022-10-15 14:18:02+00:00;Vanjava74;"@icatwps @mohmahfudmd Ganjar ""SUGIONO"" Pranowo"
2022-10-15 14:17:36+00:00;sahabatganjar;Gubernur Jawa Tengah, Ganjar Pranowo, meresmikan Mal Pelayanan Publik (MPP) ke-17 yaitu di Kabupaten Grobogan, Jawa Tengah.
2022-10-15 14:16:57+00:00;aan_muba;Partai Amanat Nasional (PAN) NTT mendeklarasikan dukungan kepada Ganjar Pranowo sebagai Calon Presiden RI 2024 nanti di Rumah PAN DPW NTT di Kelurahan Oesapa Kota Kupang, Sabtu 15 Oktober 2022 sore. 
2022-10-15 14:16:46+00:00;xibass1;Ganjar p aja g akui eeh ada jual es dawet merangkap DPD malang https://t.co/N8ARrHP5ga
2022-10-15 14:16:32+00:00;GanjarKaltim;Alhamdulillah pada hari Sabtu tanggal 8 Oktober 2022, Santri Dukung Ganjar Kalimantan Timur Melakukan Agenda Silaturahmi ke Tokoh Agama/Ustadz di Kota Balikpapan.
2022-10-15 14:15:24+00:00;MuhRaml70352713;@ganjarpranowo ğŸ¤£ğŸ¤£ğŸ¤£akupun sama kalau ketemu sama pak Ganjar
2022-10-15 14:15:24+00:00;Gusnek1;@ganjarpranowo Joss pak ganjar...acara running jogja..semangat dan sehat selalu pak ganjar.Aamiin YRA
2022-10-15 14:14:40+00:00;Sherice11905990;@GanjaranApp jateng maju banget berkat pak ganjar nih #GanjaranApp #GanjarKita
2022-10-15 14:13:25+00:00;Suharla85020812;Seorang warga meninggal kan motornya demi berphoto dan berbincang bincang dengan bapak @ganjarpranowo .luar biasa ğŸ’ªğŸ’ªğŸ’ª https://t.co/5P8rkYeBsL
2022-10-15 14:13:23+00:00;GanjarKaltim;Alhamdulillah pada hari Jum'at tanggal 7 Oktober 2022 Tim dan Relawan Santri Dukung Ganjar Kalimantan Timur Melakukan agenda berbagi Jum'at Berkah di Kota Penajam.
2022-10-15 14:12:34+00:00;PilihGanjar;@Ojoklalenya Ini sebenarnya Pasangan Terbaik https://t.co/cbwybXCw0P
2022-10-15 14:12:11+00:00;fadlyhendra11;@DenmaspujiMlng @Relawananies ganjar dalam pusaran KPK https://t.co/9UgXdVRfF6
2022-10-15 14:12:11+00:00;_Goentoer_;Akhir Pekan Seru Sahabat Ganjar, Gelar Bazar Murah sampai Deklarasi Komunitas Bajaj Dukung Ganjar Pranowo https://t.co/5Ea9Auq8gd @ChusnulCh__
2022-10-15 14:12:07+00:00;aniblogsan6;@Arthamilli2111 @mangunsong63 @detikcom ayo dong pak ganjar bahas dong yang udah curi start padahal masa baktinya belum habis belum dicalonin lagi. saya tunggu analisanya
2022-10-15 14:11:34+00:00;IniBalikpapaner;Hasil Survei LSP, Prabowo Lebih Bisa Diterima Pemilih Ganjar danÂ Anies https://t.co/AtAbrghmR3
2022-10-15 14:11:26+00:00;kakekhalal2;DPW PAN NTT Deklarasi Dukung Ganjar Pranowo Capres 2024 ğŸ˜
2022-10-15 14:11:24+00:00;aniblogsan6;@Arthamilli2111 @mangunsong63 @detikcom wkwkw makanya belajar lagi politik. lah ganjar yang belum habis masa baktinya di jawa tengahdan belum di tunjuk samapa partai  malah mondar mandir.. malah gak etis lagi ganjar. gak mau diomongin pak ganjarnya? ayo w
2022-10-15 14:10:50+00:00;Notonegoro2024;@WagimanDeep212_ Mau ngikutin gaya pak ganjar kemari menghadapi pendemoğŸ˜‚ğŸ˜‚ğŸ˜‚ ente salah wan
2022-10-15 14:09:03+00:00;Economicreview_;Ganjar Kenalkan #Beras Srinuk Produk Pertanian Unggulan Jawa Tengah https://t.co/O5s82DoZzi
2022-10-15 14:08:27+00:00;bowo_1987;Apa prestasi pak Ganjar? Selain jago main medsos.. ini pernyataan Trimedya Panjaitan. Mbk Pocut @CutSarina5 ada yg mau ditambahkan biar para ganjaris @Miduk17 @mahasiswigenz @psi_id dan kawanannya kejangÂ² ğŸ˜ğŸ˜ https://t.co/YptBmtTom1
2022-10-15 14:08:20+00:00;di_dimu54412940;Rakyat bahagia bisa selfi dengan Pak Ganjar. Kebahagiaan tidak bisa dibayar dengan uang atau harta. Motorpun tak ada arti, sing penting selpi karo Pak Ganjar ğŸ˜ŠğŸ˜ğŸ˜… https://t.co/LU30jlPjGk
2022-10-15 14:07:07+00:00;idihsiapelu;@ludozuska Takut bgt :(
2022-10-15 14:07:04+00:00;detik_jateng;Wong Jogja Dukung Ganjar Jadi Presiden: Ia Tegas &amp
2022-10-15 14:07:03+00:00;hidupijo27;@ChusnulCh__ @ganjarpranowo @aniesbaswedan sya pilih anis baswedan dri pd milih ganjar 
2022-10-15 14:06:23+00:00;DedenLG;@suharmokos @randhilicious @detikcom Karena apakah yg membuat elektabilitas Pak Ganjar tinggi? Jateng Makin Maju dan Sejahtera kah?
2022-10-15 14:04:47+00:00;alifaltama;"@RinalDelapanen2 @ChusnulCh__ @ganjarpranowo Itu persepsi yang gk suka sama pak ganjar. Ini media buzzer oposisi ya? Kok abal"" semua"
2022-10-15 14:04:20+00:00;anggiawanmur;@Tita83079013 @Gembelengaan Ganjar pranowo YES oke
2022-10-15 14:03:56+00:00;abujibril;@psi_id Maaf, namanya Pak Ganjar disebut-sebut di kasus e-KTP. Itu belum klir, smp sekarang. Juga soal WadasğŸ™ğŸ™ğŸ™
2022-10-15 14:03:53+00:00;Ugi7498;@Stevaniehuangg Hahahahaha mana pendukung Ganjar. Berani bantah. Bisa didepak dari partai PDIP.
2022-10-15 14:03:37+00:00;PHLambudong;@Dnok_Ayu @LekMarteg @ganjarpranowo Salah satu bukti kalau pak. Ganjar sangat dicintai rakyatnya.
2022-10-15 14:02:38+00:00;MARQUEZ__93;@SETYAKI22965702 Pak Ganjar soal Korupsi masuk di sekolahÂ²
2022-10-15 14:02:28+00:00;di_dimu54412940;"Cocok Pak Hasto, karena melihat kondisi sekarang yang sudah dipondasi oleh Pak Jokowi, Indonesia yang sdh sejajar dgn negara"" maju dan diprediksi akan menjadi negara urutan ke-4 ekonomi dunia. Dan itu hanya Ganjar Pranowo yang pantas dalam memenuhi syarat itu. https://t.co/DR72CHRHV6"
2022-10-15 14:02:07+00:00;DaniRismanto1;Rakyat Indonesia: Ganjar Untuk Rakyat - Tandatangani Petisi! https://t.co/PpENjhWW0b lewat @ChangeOrg_ID
2022-10-15 14:01:54+00:00;4_gp2024;Setelah sukses di Kota Surabaya, Bandung dan Bandar Lampung, kini Ganjar Pranowo Festival #4 akan hadir di Dieng!! Yakin gamau Hadir?? 29 Oktober Yuk persiapkan diri kamu untuk hadir. #GanjarPranowoFestival #GPFest4 #GPFestJawaTengah #SahabatGanjar #GanjarPranowo #Ganjar https://t.co/HeuNFF1orb
2022-10-15 14:01:50+00:00;DaniRismanto1;Rakyat Indonesia: Ganjar Untuk Rakyat - Tandatangani Petisi! https://t.co/sIrxMO023c lewat @ChangeOrg_ID
2022-10-15 14:00:10+00:00;4_gp2024;Gubernur Jawa Tengah, Ganjar Pranowo mengaku siap mendengar aspirasi masyarakat terkait ditutupnya akses jalan di bawah Fly Over Ganefo, Mranggen, Kabupaten Demak.
2022-10-15 13:59:55+00:00;Dnok_Ayu;Idealnya.. Makin bagus pelayanan, makin kecil keluhan masyarakat. Birokrasi disederhanakan, pusat pelayanan ditingkatkan. Tinggal masy ikut aturannya. ğŸ‘. Tul ga #SahabatGanjar?. Satu Mal Pelayanan Publik (MPP) ke-17  (Di Kab Grobogan) diresmikan Gubernur Jateng #Ganjar Pranowo. https://t.co/PigGjQ3T7V
2022-10-15 13:59:49+00:00;Lisa_180102;"@ganjarpranowo Yg lain ketemu pak ganjar ""pak minta foto pak"". Kalau saya yg ketemu beliau ""pak minta motor pak"". Halu dulu gapapa, tapi jg gak mungkin ketemu apalagi dikasih ğŸ˜‚"
2022-10-15 13:59:45+00:00;Idosorjati;@ganjarpranowo Wonosari gunungkidul yogyakarta...mas ari fans berat pak ganjar....ra mekakat oleh rejeki bs ktmu pak ganjar....
2022-10-15 13:58:59+00:00;Zyanpatra;Ganjar Beli 5 Pompa Mobile Baru untuk Disiagakan di Titik Rawan BanjirÂ Rob https://t.co/N4lF8ofUAS
2022-10-15 13:57:36+00:00;4_gp2024;Gubernur Jawa Tengah, Ganjar Pranowo, meresmikan Mal Pelayanan Publik (MPP) ke-17 yaitu di Kabupaten Grobogan, Jawa Tengah.
2022-10-15 13:55:27+00:00;4_gp2024;Buat kalian gak usah sedih lagi dong, karena Ganjar Pranowo Festival #4 akan hadir di Dieng. 29 Oktober, Lapangan Pandawa!! Datang yuk kita nonton konser bersama disana.
2022-10-15 13:55:16+00:00;muhamma34148675;@psi_id ogah ...ganjar aja yg di calonkan bingung. psi iki sopo ?
2022-10-15 13:55:14+00:00;_rakyatmerdeka;DPC PPP Mataraman Deklarasi Ganjar Capres 2024 https://t.co/JnSIur2sK2
2022-10-15 13:55:08+00:00;MrSimpl92795338;@liputan6dotcom Itu sudah di lakukan ganjar
2022-10-15 13:55:01+00:00;eradotid;"Mal pelayanan publik ini bisa dijadikan ajang untuk promo apapun,"" kata Ganjar https://t.co/HMpsIFzhaX"
2022-10-15 13:54:29+00:00;PanciB0zz;@DestaMega27 Ntar dibilang mirip Ganjar ğŸ¤¦
2022-10-15 13:54:21+00:00;muzniamna;@ChusnulCh__ @ganjarpranowo @aniesbaswedan Pak ganjar mmg hebat, bisa puaskan masyarakat wadas
2022-10-15 13:53:49+00:00;PilihGanjar;Semua pompa yang ada di seluruh Jawa Tengah saya minta untuk standby karena curah hujan yang tinggi. Termasuk pompa air yang ada di Semarang. Untuk teman-teman penjaga rumah pompa, tetap semangat agar kita semua selamat.
2022-10-15 13:52:48+00:00;_rakyatmerdeka;Hasil Rakerwil, DPW PAN NTT Sepakat Usung Ganjar Pranowo Capres 2024 https://t.co/8litJJqdYz
2022-10-15 13:52:46+00:00;4_gp2024;Semangat tak kenal lelah dilakukan oleh Sahabat Ganjar. Kali ini, Kota Semarang menjadi daerah yang dijadikan lokasi untuk mengenalkan Ganjar Pranowo. Berlangsung pada 8-9 Oktober 2022, rangkaian kegiatan berjalan dengan sangat meriah. https://t.co/DP7DPtDYx8
2022-10-15 13:52:10+00:00;adventyas;@Danki_Cebong Tapi spt yg kita tau, blm ada yg mau dukung P'Ganjar maju Pilpres, sampai Partainya sendiri msh penuh pertimbangan memajukan kadernya yg satu iniğŸ¤­
2022-10-15 13:52:05+00:00;SINDOnews;Hasil Rakerwil, DPW PAN NTT Sepakat Usung Ganjar Pranowo Capres 2024
2022-10-15 13:51:26+00:00;BeritakanID_com;PAN NTT Umumkan Ganjar Capres 2024, Awang Notoprawiro: Malam Ini Disampaikan ke Ketua Umum
2022-10-15 13:51:07+00:00;ikg_buleleng;@Uki23 Ini juga ya prestasi ganjar  utk.rakyat wadas https://t.co/LK8wCJrtfY
2022-10-15 13:50:43+00:00;4_gp2024;Ganjar menyebutkan, pembangunan jembatan layang Ganefo menelan anggaran sebesar Rp109,03 miliar.
2022-10-15 13:50:43+00:00;Syafi37466846;@psi_id @pdippalembang udah pecat Ganjar?
2022-10-15 13:50:42+00:00;4_gp2024;Ganjar Pranowo meresmikan Fly Over Ganefo, Mranggen. Ganjar mengatakan,  pembangunan jembatan layang itu diprioritaskan untuk memecah kemacetan, yang terjadi di ruas tersebut selama bertahun-tahun. https://t.co/28XjWM73Ej
2022-10-15 13:50:27+00:00;4_gp2024;Ganjar Pranowo menyempatkan diri berziarah ke makam ulama terkenal Kalimantan Selatan, Syekh Muhammad Arsyad Al-Banjari. Di sini Ganjar datang untuk menghadiri pembukaan MTQ Nasional ke-29.
2022-10-15 13:49:48+00:00;Rahayu60336018;@Heritanjung13 @ganjarpranowo Mari kita dukung pak ganjar masuk istana dan Kita dukung pak anis masuk penjara
2022-10-15 13:48:02+00:00;jpnncom;Ganjar Pranowo mengatakan, keberadaan pompa mobile ini akan sangat membantu penanganan banjir. Hal ini berkaca melihat pengalaman sebelumnya. #GanjarPranowo https://t.co/7aoBK4pDHI
2022-10-15 13:47:49+00:00;di_dimu54412940;Segala hal bisa dibicarakan dan dicari solusi kalau dirembuk. Pembangunan itu pasti demi kemaslahatan bersama, dan pasti ada sedikit masalah menyertai, tapi bukan berarti masalah itu dijadikan besar karena tidak adanya komunikasi. Serahkan saja pada pak GanjarğŸ˜Š
2022-10-15 13:47:32+00:00;Antonio76363114;@Uki23 Iya2 skrg Anies sdh turun jabatan pd leluasa ya, menampilkan penghargaan yg diterima oleh Ganjar, kmrn knapa hal ini ga dipublikasi? Sibuk nyari kesalahan Anies? HadeuuuhhhğŸ¤¦ğŸ¤¦ğŸ¤¦
2022-10-15 13:46:58+00:00;danamambari;@bwinarso99 Hasil Kerja Ganjar 10tahun ğŸ˜‚ğŸ˜‚ğŸ˜‚ğŸ˜‚ https://t.co/vGahf4zpRi
2022-10-15 13:46:43+00:00;ridhorahadi;Komentar Warga Jawa Tengah Tentang Anies Baswedan dan Ganjar Pranowo 
2022-10-15 13:46:39+00:00;mbsnewsid;Survei Membuktikan, Prabowo Jadi Sosok Paling Diterima Pemilih Ganjar dan Anies https://t.co/kYv7rZCZ9Q
2022-10-15 13:46:00+00:00;historyofpersib;@MadaraU49083477 @cowobangkit ganjar a, ngalangkung pami ka pangandaran
2022-10-15 13:44:50+00:00;Badmilova;@iqbal_farabi Ganjar pun sama didemo dan dimaki2 malah berdialog, tinggal main manteb2an buzzernya aja diantara mereka berdua, keunggulan anies didukung pemuda hijrah
2022-10-15 13:44:28+00:00;danamambari;@FirzaHusain Hasil Kerja Ganjar selama 10 tahun ğŸ˜‚ğŸ˜‚ğŸ˜‚ğŸ˜‚ğŸ˜‚ https://t.co/WDyJKZcaKP
2022-10-15 13:44:05+00:00;mulyamin;@HermanLanang3 @bachrum_achmadi Iya benar banget. Apalagi si ntu, yg nyalonin pak Ganjar, punya suara bocil alias anak bawang.
2022-10-15 13:43:07+00:00;jurnascom;Antisipasi Banjir Ganjar Pranowo Pastikan Rumah Pompa Siap Pakai https://t.co/KRzSEb5rU7
2022-10-15 13:42:27+00:00;dukung_ganjar;Santri Dukung Ganjar Jawa Barat melaksanakan kegiatan Safari Pesantren di Garut,Sukabumi,dan Bandung Pada Tanggal 15/10/2022.  #Ganjar #Ganjarpranowo #Ganjar2024 #Ganjarpranowo2024 #santridukungganjarjabar https://t.co/ENe4LwLTzA
2022-10-15 13:40:53+00:00;geloraco;Elektabilitas Prabowo Subianto Melesat Menurut Survei LSP, Disusul Ganjar dan Anies
2022-10-15 13:40:53+00:00;mrxnobody007;"@pakaisehatakal @ganjarpranowo Sama kaya komen yg di ig "" kenapa gak berhenti dulu"" di jawab sama bu atikoh istrinya pak ganjar. Bahwa dia sdh berhenti buat foto baru lnjut jalan. Video gak full jadinya ya gini."
2022-10-15 13:40:44+00:00;adventyas;@Danki_Cebong Nah itu, lebih sangsi lagi kalo harapannya bisa ratakan radikal rasanya masih jauh, maklum melihat rekam jejaknya yg buat saya ragu... Malah Kalo P'Ganjar kan berani kasih sangsi buat para guru yg terbukti radikal
2022-10-15 13:39:06+00:00;amralvro;@ganjarpranowo Ambil aja motornya bang gapapa, yeng penting udah fotbar sama pak ganjar hahahha
2022-10-15 13:38:45+00:00;sahabatganjar;Gubernur Jawa Tengah, Ganjar Pranowo mengaku siap mendengar aspirasi masyarakat terkait ditutupnya akses jalan di bawah Fly Over Ganefo, Mranggen, Kabupaten Demak.
2022-10-15 13:38:35+00:00;korangala;Cek Fakta: Amarah Megawati Memuncak, Ganjar Pranowo Resmi Dipecat dari PDIP, Benarkah? https://t.co/n9Mnbm9WaB
2022-10-15 13:38:31+00:00;SINDOnews;Diterima Pemilih Ganjar dan Anies, Survei LSP: Kesan Pemersatu Melekat pada Prabowo
2022-10-15 13:37:08+00:00;VIVAcoid;13 DPC PPP di Jatim Dukung Ganjar Capres 2024, Ini Alasannya https://t.co/K1nJ7BY1jE
2022-10-15 13:37:01+00:00;MadechanS;@alexanderysq9 @ChusnulCh__ @ganjarpranowo BuzzerRp nya Ganjar baru bangun sept 22.....
2022-10-15 13:36:46+00:00;KuncungKecil;Beda banget kaya bumi dan langit, cara dialog Ganjar...
2022-10-15 13:36:34+00:00;jawapos;DPW PAN NTT Dukung Ganjar Pranowo Menjadi Capres pada Pilres 2024 https://t.co/PY6Ig8m60I
2022-10-15 13:36:17+00:00;SeputariNews;Diterima Pemilih Ganjar dan Anies, Survei LSP: Kesan Pemersatu Melekat pada Prabowo
2022-10-15 13:36:12+00:00;Hendriyanisusa1;@ganjarpranowo Penggemar berat ,gak perduli motor nya yang penting bapak Ganjar dulu https://t.co/MJXJfgA9L7
2022-10-15 13:34:38+00:00;kumparan;"Relawan ""Sedherek Ganjar Pranowo Gunungkidul"" mendeklarasikan dukungannya agar Ganjar menjadi Presiden RI 2024. https://t.co/HFPpDMHsPK"
2022-10-15 13:34:32+00:00;MadechanS;@Miduk17 John miduk.....kamu ngarepin jadi komisaris kalo Ganjar jadi presiden ??  Ganjar aja 2023 akan lepas jabatan.....dia juga sarankan jangan bikin drama perpisahan.....
2022-10-15 13:33:07+00:00;Zaindamai;Teriakan yg jujur Warga DKI jakarta #2024GanjarPranowo @ganjar_center https://t.co/l3dX0rcWp5
2022-10-15 13:32:27+00:00;BeritaDotMedia;, Sebagai figur yang digadang-gadang bakal maju pada pemilihan presiden (pilpres) 2024, sosok Ganjar #berita #daerah https://t.co/HISUE7VxEx
2022-10-15 13:30:28+00:00;sarjito2603;@herrikusnadi @M45Broo_ Bakal calon ada pak prabowo, pak airlangga, mbak puan, pak ganjar, pak anies, pak erick. Kenapa hanya pak anies yg diserang?? Banjir ada dimana2 bahkan jabodetabek. Knp hanya pak anies yg diserang..
2022-10-15 13:30:04+00:00;rentultull;@GanjaranApp Buset semuanya heboh pada ngedukung pak Ganjar
2022-10-15 13:29:13+00:00;rentultull;@GanjaranApp Pak Ganjar selalu menyemangati ya pak #GanjaranApp #GanjarKita
2022-10-15 13:29:07+00:00;pasadenasl;Rocky Gerung Sebut di Era Ganjar Kemiskinan Jateng Naik, Jadi Sumber Radikalisme
2022-10-15 13:29:03+00:00;liputan6dotcom;Ganjar Beli 5 Pompa Mobile Baru, Disiagakan di Titik Rawan Banjir Rob https://t.co/h96ue2Kadh
2022-10-15 13:28:59+00:00;MudrikaReka;@VIVAcoid Kerja mbak @puanmaharani_ri untuk capres ga ada manfaatnya kalau kader partai anda ditiap propinsi ga kerja sama sekali ..membiarkan deklarasi dukungan kepada Ganjar ibarat membuat kuburan untuk mbak...
2022-10-15 13:28:10+00:00;CTodolo;@Aryprasetyo85 @ganjarpranowo Hayo dukung Pak Ganjar RI 1 ğŸ‘
2022-10-15 13:27:43+00:00;joshua5013_;@GanjaranApp relawan pak Ganjar makin banyak aja nih
2022-10-15 13:27:17+00:00;rentultull;@GanjaranApp Pak Ganjar harus di dukung terus #GanjaranApp #GanjarKita
2022-10-15 13:26:59+00:00;sahabatganjar;Selain Gus Khayat sapaanya, Ketua DPC Kabupaten Bojonegoro, Slamet Supriyadi juga turut hadir dalam kompetisi senam yang melombakan beberapa kategori tersebut.
2022-10-15 13:26:56+00:00;sahabatganjar;Dewan Pembina Sahabat Ganjar, KH. Khayatul Maky hadir pada Aerobic Competition dan Zumba Party yang berlangsung pada Sabtu (15/10/2022) di Gor Basket, Kecamatan Banjarnegara, Kabupaten Banjarnegara.
2022-10-15 13:26:56+00:00;pasadenasl;Ganjar 8 Tahun Jadi Gubernur, PDIP: Kemiskinan Ekstrem di Jateng Meningkat | Republika Online Mobile https://t.co/f5hRcrtZKK
2022-10-15 13:26:40+00:00;4_gp2024;Gubernur Jawa Tengah Ganjar Pranowo membeli lima buah pompa mobile. Kelima mobil pompa tersebut disebar ke titik rawan bencana banjir atau rob, antara lain Pekalongan, Tegal, Semarang hingga Kudus.
2022-10-15 13:24:30+00:00;fadlyhendra11;@JimmiManopo2 @deditelaumbanu4 yg bego itu ganjar pranowo dan jokowi sama ngga punya prestasi https://t.co/e5yM55rV5e
2022-10-15 13:24:30+00:00;SINDOnews;Diterima Pemilih Ganjar dan Anies, Survei LSP: Kesan Pemersatu Melekat pada Prabowo
2022-10-15 13:23:10+00:00;Beni332211;@AgungKuswanto19 @nusantara_one @NasDem @DKIJakarta Gak perlu dengan ganjar...asal Pribumi saja sudah cukup, dengan catatan..yg sejalan dengan pak Jokowi...lrn terbukti..yang tambun kemaren...bisanya prihatin dan bikin album lagu
2022-10-15 13:23:08+00:00;__RismaWidiono_;Akhir Pekan Seru Sahabat Ganjar, Gelar Bazar Murah sampai Deklarasi Komunitas Bajaj Dukung @ganjarpranowo, di kawasan Kecamatan Ciracas, Kota Jakarta Timur.
2022-10-15 13:21:46+00:00;mulyadimalang;@ganjarpranowo Nek wes kadung dicintai Rakyatnya, Mantap Pak GanjarğŸ‘
2022-10-15 13:21:34+00:00;aktualofficial;Pimpin Apel Kesiagaan Bencana, Ganjar: Respon Cepat Kunci Pencegahan danÂ Penanganan https://t.co/uhlfwZCyJg
2022-10-15 13:21:31+00:00;4_gp2024;Wisata Geopark Desa Karangsari, Kecamatan Brati, Kabupaten Grobogan diresmikan. Peresmian dilakukan Gubernur Jateng Ganjar Pranowo bersama Bupati Grobogan Sri Sumarni didampingi Kades Karangsari, Suhartini.
2022-10-15 13:21:29+00:00;HendragunaSonny;@psi_id Ganjar bagusny duet sama penjual dawet brooğŸ˜…
2022-10-15 13:20:33+00:00;tvOneNews;Elektabilitas Prabowo Subianto Melesat Menurut Survei LSP, Disusul Ganjar dan Anies https://t.co/mDWIGZd9fz
2022-10-15 13:19:31+00:00;faiz263Ak;@Ganjar4RI @ganjarpranowo Sudah pasti 100% : Ganjar
2022-10-15 13:19:28+00:00;di_dimu54412940;Keren ni emak-emak NTT, rame-rame datang untuk mendukung Ganjar Pranowo jadi presiden 2024.
2022-10-15 13:19:17+00:00;KuswantoDjoko;@psi_id Nah benerkan, dia nyapres ganjar &amp
2022-10-15 13:19:11+00:00;4_gp2024;Ganjar Pranowo Resmikan Flyover Ganefo Mranggen Demak. Ia didampingi Bupati Demak Eisti'anah secara langsung meresmikan Flyover Ganefo Mranggen. https://t.co/5idpq5h2No
2022-10-15 13:18:24+00:00;anggiawanmur;@Ganjar4RI Ganjar pranowo YES oke
2022-10-15 13:17:22+00:00;4_gp2024;Seperti Apa kegiatan Jumat Berkah Sahabat Ganjar di Kota Jakarta? Yuk tonton disini.
2022-10-15 13:17:10+00:00;bolangnakal168;@theT4ntryS1 @ganjarpranowo Bravo Ganjar P https://t.co/MIRbdl4gvb
2022-10-15 13:15:52+00:00;Yayyakultt;PDI Perjuangan hingga kini belum menentukan capres 2024. Hanya saja, simbol Banteng kini diwakili Puan Maharani, bukan Ganjar Pranowo yg diminta fokus menjadi Gubernur Jawa Tengah. https://t.co/JXaRi0IhAy
2022-10-15 13:14:51+00:00;OmSENANGni;@tjahjo1008 @PartaiSocmed @ganjarpranowo Pendukung ganjar merasa paling pancasila dan merasa paling memiliki nkri
2022-10-15 13:14:49+00:00;mulyanam8;@VIVAcoid Ayo gaes kita dukung Ganjar karena karakter yang mirip Jokowi hanya ada pada Ganjar
2022-10-15 13:13:06+00:00;Ke7car;@Muhammad_Saewad Menurut ane lebih baik Pak Ganjar dari pada pak anis. Nnti indonesia dikecilin jalannya sprti jkt. Macet dimana2. Menurut anda..?
2022-10-15 13:12:26+00:00;nindya_arkan;@psi_id Kok nggak ada malunya, padahal sdh dilepeh sama ganjar. 
2022-10-15 13:12:09+00:00;VIVAcoid;Kader PPP se-Mataraman Siap Dukung Ganjar Pranowo di Pilpres 2024 https://t.co/yRAOG8WJgd https://t.co/bhkucOuDS5
2022-10-15 13:12:04+00:00;Sumsel_RMOL;https://t.co/eXhDmyfMK9 -  PAN NTT Umumkan Ganjar Capres 2024, Awang Notoprawiro: Malam Ini Disampaikan ke Ketum https://t.co/26DvElb44b
2022-10-15 13:11:45+00:00;bettahalfmoon09;@ajengcute16__ Nggak cerdas jawabnya. Kena Prank si Deddy. Nggak sadar mas Ganjar ini akan etika dialek kata ya. Turun jatuh nilai integritasnya. Nggak pantas lagi untuk Capres
2022-10-15 13:10:40+00:00;4_gp2024;Hari Jumat adalah hari yang penuh kemuliaan dan keutamaan bagi umat muslim di seluruh dunia. kini Sahabat Ganjar hadir dengan mengadakan kegiatan Jumat Berkah di Kec. Cilincing, Kota Jakarta Utara. Melalui momentum ini, Sahabat Ganjar galang silaturahmi kepada warga DKI Jakarta https://t.co/Qf4EvnXlsn
2022-10-15 13:09:18+00:00;rosdianayu_;@GanjaranApp Semua org pasti kenal pak ganjar
2022-10-15 13:07:49+00:00;monikgunawan_;@GanjaranApp Pak ganjar itu bukan org biasa  #GanjaranApp #GanjarKita
2022-10-15 13:07:15+00:00;Marbot_Udien;Pak Ganjar Pranowo, tutur Anne Avantie memberikan aura positif, energi yang luar biasa dan itu adalah potret yang harus kita pigurakan, yang lensanya harus menjadi satu frame. Itu yang menjadi satu visi misi kita untuk tetap positif meski di saat yang tidak baik sekalipun. https://t.co/x9S0F8wy9c
2022-10-15 13:06:54+00:00;topikmiplik;@GanjaranApp Bangga bgt punya pemimpin seperti pak ganjar  #GanjaranApp #GanjarKita
2022-10-15 13:06:47+00:00;BagusPribumi;@Uki23 Penghargaan E-KTP udah ditrrima ganjar belum ki..??ğŸ¤£ğŸ¤£
2022-10-15 13:05:48+00:00;candrapembasmi;Kalo Ganjar prestasinya apaan cenul?? https://t.co/dXDJT8GCLG
2022-10-15 13:05:14+00:00;bowo_1987;@ganjarpranowo Apa prestasi Ganjar ? Dia jago nya cuma main medsos.. by desain.. ini yg bicara Trimedya Panjaitan politikus senior PDIP loh, bukan kaleng2. https://t.co/yAEPUK0S6t
2022-10-15 13:04:45+00:00;BappDirgahayu;@MarahIchsan Ayok ngumpul di JIS... Ucapan terima kasih buat deklarasi pak ganjar... Saya dan istri siap berangkat dari kalimantan..
2022-10-15 13:04:01+00:00;4_gp2024;Menurut Ketua DPW PAN Kalsel H Muhidin, Ganjar adalah sosok pemimpin cerdas, pemimpin yang cocok untuk kebutuhan Indonesia ke depan. https://t.co/QtILOVp8sa
2022-10-15 13:03:58+00:00;4_gp2024;Dewan Pengurus Wilayah (DPW) Partai Amanat Nasional (PAN) Kalimantan Selatan mendeklarasikan Gubernur Jawa Tengah Ganjar Pranowo sebagai Calon Presiden (Capres) 2024.
